-- 기본 public 스키마 대신 사용자 전용 공간에서의 관리를 위한 스키마 생성
CREATE SCHEMA IF NOT EXISTS findex AUTHORIZATION findex;

-- findex 유저 기본 접근 스키마 설정
ALTER ROLE findex SET search_path TO findex;

SELECT *
FROM INDEX_INFO;
SELECT *
FROM INDEX_DATA
LIMIT 100;

-- 테이블 삭제
DROP TABLE IF EXISTS "integration_tasks" CASCADE;
DROP TABLE IF EXISTS "index_data" CASCADE;
DROP TABLE IF EXISTS "auto_sync_config" CASCADE;
DROP TABLE IF EXISTS "index_info" CASCADE;

-- index_info 지수 정보 관리 테이블
CREATE TABLE "index_info"
(
    "id"                   BIGSERIAL PRIMARY KEY,
    "index_classification" VARCHAR(32)                         NOT NULL,
    "index_name"           VARCHAR(100)                        NOT NULL,
    "employed_items_count" INTEGER                             NOT NULL,
    "base_point_in_time"   TIMESTAMP                           NOT NULL,
    "base_index"           DECIMAL(10, 2)                      NOT NULL,
    "source_type"          VARCHAR(32)                         NOT NULL CHECK (source_type IN ('USER', 'OPEN_API')),
    "favorite"             BOOLEAN,
    "created_at"           TIMESTAMP DEFAULT CURRENT_TIMESTAMP NOT NULL,
    "updated_at"           TIMESTAMP
);

-- index_data 지수 데이터 테이블
CREATE TABLE "index_data"
(
    "id"                  BIGSERIAL PRIMARY KEY,
    "index_info_id"       BIGINT                                   NOT NULL,
    "base_date"           DATE                                     NOT NULL,
    "source_type"         VARCHAR(20)                              NOT NULL CHECK (source_type IN ('USER', 'OPEN_API')),
    "market_price"        DECIMAL(10, 2) DEFAULT 0                 NOT NULL,
    "closing_price"       DECIMAL(10, 2) DEFAULT 0                 NOT NULL,
    "high_price"          DECIMAL(10, 2) DEFAULT 0                 NOT NULL,
    "low_price"           DECIMAL(10, 2) DEFAULT 0                 NOT NULL,
    "versus"              DECIMAL(10, 2) DEFAULT 0                 NOT NULL,
    "fluctuation_rate"    DECIMAL(10, 2) DEFAULT 0                 NOT NULL,
    "trading_quantity"    BIGINT         DEFAULT 0                 NOT NULL,
    "trading_price"       BIGINT         DEFAULT 0                 NOT NULL,
    "market_total_amount" BIGINT         DEFAULT 0                 NOT NULL,
    "created_at"          TIMESTAMP      DEFAULT CURRENT_TIMESTAMP NOT NULL,
    "updated_at"          TIMESTAMP,
    FOREIGN KEY ("index_info_id") REFERENCES "index_info" ("id")
);

-- auto_sync_config 자동 연동 관리 테이블
CREATE TABLE "auto_sync_config"
(
    "id"            BIGSERIAL PRIMARY KEY,
    "index_info_id" BIGINT                              NOT NULL,
    "enabled"       BOOLEAN   DEFAULT FALSE             NOT NULL,
    "created_at"    TIMESTAMP DEFAULT CURRENT_TIMESTAMP NOT NULL,
    "updated_at"    TIMESTAMP,
    FOREIGN KEY ("index_info_id") REFERENCES "index_info" ("id")
);

-- integration_tasks 테이블
CREATE TABLE "integration_tasks"
(
    "id"            BIGSERIAL PRIMARY KEY,
    "index_info_id" BIGINT                              NULL,
    "job_type"      VARCHAR(20)                         NOT NULL CHECK (job_type IN ('INDEX_INFO', 'INDEX_DATA')),
    "worker"        VARCHAR(255)                        NOT NULL,
    "job_time"      TIMESTAMP                           NOT NULL,
    "result"        VARCHAR(20)                         NOT NULL CHECK (result IN ('SUCCESS', 'FAILED')),
    "target_date"   DATE,
    "created_at"    TIMESTAMP DEFAULT CURRENT_TIMESTAMP NOT NULL,
    FOREIGN KEY ("index_info_id") REFERENCES "index_info" ("id")
);

COMMENT ON COLUMN "integration_tasks"."index_info_id" IS '지수정보 관리 테이블의 FK';
COMMENT ON COLUMN "integration_tasks"."job_type" IS 'ENUM("INDEX_INFO", "INDEX_DATA")';
COMMENT ON COLUMN "integration_tasks"."worker" IS 'IP 또는 SYSTEM';
COMMENT ON COLUMN "integration_tasks"."result" IS 'ENUM("SUCCESS", "FAILED")';


--- 더미데이터 INSERT 구문
INSERT INTO index_info (id, index_classification, index_name, employed_items_count,
                        base_point_in_time, base_index, source_type, favorite)
VALUES (49, '테마지수', 'KRX ESG Leaders 150', 150, '2010-01-04', 1000.00, 'OPEN_API', false),
       (53, '테마지수', '코스피 200 ESG 지수', 111, '2012-01-02', 238.70, 'OPEN_API', false),
       (57, '테마지수', 'KRX 게임 TOP 10 지수', 10, '2015-01-02', 1000.00, 'OPEN_API', false),
       (62, '테마지수', 'KRX 전기차 Top 15', 15, '2014-12-30', 1000.00, 'OPEN_API', false),
       (73, '테마지수', 'KRX 부동산리츠인프라 지수', 17, '2015-01-02', 1000.00, 'OPEN_API', false),
       (75, '테마지수', 'KRX 기후변화 솔루션지수', 28, '2016-01-04', 1000.00, 'OPEN_API', false),
       (79, '테마지수', 'KRX FactSet 차세대 에너지 지수', 35, '2019-01-02', 1000.00, 'OPEN_API', false),
       (80, '테마지수', 'KRX FactSet 디지털 헬스케어 지수', 20, '2019-01-02', 1000.00, 'OPEN_API', false),
       (92, '테마지수', '코스피 배당성장 50', 50, '2009-07-01', 1000.00, 'OPEN_API', false),
       (94, '테마지수', 'KRX-IHS Markit 코스피 200 예측 고배당 50 TR', 0, '2012-01-02', 1000.00, 'OPEN_API',
        false);

-- INSERT INTO index_data (id, index_info_id, base_date, source_type, market_price, closing_price,
--                         high_price, low_price, versus, fluctuation_rate, trading_quantity,
--                         trading_price, market_total_amount)
-- VALUES (1575, 57, '2025-05-30', 'OPEN_API', 1162.13, 1158.64, 1167.21, 1155.59, -8.95, -0.77,
--         9681182, 555516802241, 1162),
--        (1576, 57, '2025-05-29', 'OPEN_API', 1153.46, 1167.59, 1174.71, 1148.13, 19.25, 1.68,
--         8598631, 475677869676, 1153),
--        (1577, 92, '2025-05-28', 'OPEN_API', 1114.56, 1148.34, 1150.49, 1113.83, 39.13, 3.53,
--         9528971, 507786182527, 1114),
--        (1578, 92, '2025-05-27', 'OPEN_API', 1112.10, 1109.21, 1124.55, 1104.57, -15.35, -1.36,
--         6877881, 332042816155, 1112);

INSERT INTO index_data (index_info_id, base_date, source_type,
                        market_price, closing_price, high_price, low_price,
                        versus, fluctuation_rate, trading_quantity,
                        trading_price, market_total_amount)
VALUES (49, '2024-01-01', 'OPEN_API',
        1101.54, 1073.69, 1210.98, 979.46,
        -16.26, 0.11, 4669963,
        291636189122, 1263),
       (94, '2024-01-02', 'OPEN_API',
        1190.34, 1172.58, 1220.09, 941.67,
        -13.38, 0.38, 9857725,
        308792040609, 1167),
       (53, '2024-01-03', 'OPEN_API',
        1139.85, 1158.29, 1281.22, 933.13,
        -22.76, 3.05, 17650442,
        413982638697, 1139),
       (92, '2024-01-04', 'OPEN_API',
        1065.82, 1131.22, 1257.14, 921.93,
        44.24, -1.29, 2378764,
        415630180508, 1267),
       (57, '2024-01-05', 'OPEN_API',
        1020.49, 1009.5, 1218.81, 954.3,
        -8.1, -4.42, 3288249,
        482006572232, 1082),
       (53, '2024-01-06', 'OPEN_API',
        1133.04, 1094.81, 1280.53, 966.38,
        23.88, 2.52, 14206790,
        577002597098, 1243),
       (79, '2024-01-07', 'OPEN_API',
        1173.48, 1055.29, 1239.18, 905.38,
        12.0, -2.96, 17663240,
        469458369787, 1274),
       (75, '2024-01-08', 'OPEN_API',
        1021.63, 1052.66, 1279.56, 948.46,
        38.24, 2.41, 10863691,
        255402378662, 1126),
       (73, '2024-01-09', 'OPEN_API',
        1095.97, 1156.81, 1247.18, 985.77,
        -21.86, -1.84, 1161592,
        179732350483, 1106),
       (94, '2024-01-10', 'OPEN_API',
        1198.1, 1000.84, 1280.1, 990.32,
        -6.86, 2.99, 5632658,
        413545326620, 1100),
       (57, '2024-01-11', 'OPEN_API',
        1059.21, 1086.4, 1215.34, 990.85,
        45.78, 3.59, 15568853,
        355881727406, 1205),
       (49, '2024-01-12', 'OPEN_API',
        1158.43, 1004.85, 1219.78, 939.1,
        -45.59, 3.92, 8709182,
        364014573353, 1140),
       (49, '2024-01-13', 'OPEN_API',
        1038.89, 1059.74, 1284.59, 922.01,
        -12.03, -4.89, 11053370,
        467268956223, 1298),
       (57, '2024-01-14', 'OPEN_API',
        1193.71, 1018.1, 1265.02, 938.63,
        -40.23, 4.73, 3347150,
        179618072353, 1228),
       (92, '2024-01-15', 'OPEN_API',
        1107.75, 1009.07, 1206.48, 954.89,
        -30.83, 0.49, 14328720,
        523920669868, 1105),
       (79, '2024-01-16', 'OPEN_API',
        1104.86, 1144.66, 1238.75, 965.42,
        36.81, 1.82, 18003252,
        253337541104, 1079),
       (53, '2024-01-17', 'OPEN_API',
        1009.14, 1048.01, 1220.42, 931.58,
        -45.48, -3.44, 7488588,
        397519906649, 1079),
       (80, '2024-01-18', 'OPEN_API',
        1039.21, 1132.29, 1238.38, 975.25,
        -30.63, 2.45, 5614405,
        565890671914, 1263),
       (53, '2024-01-19', 'OPEN_API',
        1112.51, 1041.89, 1225.92, 953.19,
        -0.12, -1.79, 11801258,
        326116433492, 1005),
       (75, '2024-01-20', 'OPEN_API',
        1015.07, 1095.77, 1298.76, 931.38,
        49.86, 2.52, 7783540,
        150006038868, 1036),
       (79, '2024-01-21', 'OPEN_API',
        1101.13, 1119.41, 1247.11, 958.11,
        -48.72, 2.42, 12027586,
        492159510358, 1110),
       (92, '2024-01-22', 'OPEN_API',
        1028.42, 1013.43, 1267.59, 963.64,
        12.32, -2.52, 15473325,
        551020317876, 1175),
       (53, '2024-01-23', 'OPEN_API',
        1160.36, 1194.14, 1216.41, 931.34,
        -36.16, -3.36, 16749873,
        408804976218, 1192),
       (62, '2024-01-24', 'OPEN_API',
        1082.06, 1139.02, 1270.15, 944.22,
        -45.47, -3.58, 8802193,
        278557418548, 1129),
       (75, '2024-01-25', 'OPEN_API',
        1193.43, 1195.74, 1244.45, 940.58,
        11.12, 3.82, 15173431,
        514304669417, 1194),
       (75, '2024-01-26', 'OPEN_API',
        1184.39, 1068.05, 1211.47, 996.69,
        -41.52, -1.11, 1472131,
        567821100342, 1107),
       (53, '2024-01-27', 'OPEN_API',
        1091.89, 1117.93, 1207.37, 981.93,
        11.9, -3.56, 2963221,
        189043228531, 1100),
       (73, '2024-01-28', 'OPEN_API',
        1138.77, 1192.64, 1299.26, 946.13,
        -34.07, -0.02, 12700237,
        575529443938, 1223),
       (73, '2024-01-29', 'OPEN_API',
        1101.63, 1019.66, 1222.25, 994.78,
        -42.57, 1.45, 19370063,
        139112163451, 1129),
       (94, '2024-01-30', 'OPEN_API',
        1191.92, 1159.99, 1221.12, 932.21,
        -22.0, -3.28, 9546692,
        235592548755, 1143),
       (73, '2024-01-31', 'OPEN_API',
        1187.84, 1046.77, 1236.06, 939.82,
        -20.41, 2.82, 16557928,
        288363215655, 1098),
       (94, '2024-02-01', 'OPEN_API',
        1043.29, 1114.09, 1213.41, 966.44,
        -41.05, 2.53, 7720705,
        527819811210, 1137),
       (79, '2024-02-02', 'OPEN_API',
        1173.48, 1159.89, 1243.8, 970.49,
        -4.03, 4.82, 5740101,
        339978112190, 1223),
       (57, '2024-02-03', 'OPEN_API',
        1119.87, 1080.91, 1250.96, 999.21,
        23.93, -0.82, 3086674,
        205494012830, 1080),
       (73, '2024-02-04', 'OPEN_API',
        1089.71, 1007.0, 1277.18, 959.75,
        39.45, -1.32, 3205221,
        371644494725, 1126),
       (49, '2024-02-05', 'OPEN_API',
        1145.9, 1022.59, 1245.07, 981.27,
        -38.81, 1.5, 11911953,
        148342283688, 1243),
       (79, '2024-02-06', 'OPEN_API',
        1091.86, 1066.88, 1210.48, 921.56,
        -7.8, -1.8, 17716252,
        128041861985, 1021),
       (75, '2024-02-07', 'OPEN_API',
        1027.24, 1073.36, 1285.1, 999.26,
        0.1, -2.24, 16912805,
        111820812756, 1135),
       (75, '2024-02-08', 'OPEN_API',
        1114.06, 1128.79, 1298.57, 955.71,
        45.64, 4.32, 7384010,
        459552595653, 1131),
       (94, '2024-02-09', 'OPEN_API',
        1078.35, 1097.52, 1282.03, 921.1,
        5.16, -4.97, 1430433,
        256819756500, 1130),
       (53, '2024-02-10', 'OPEN_API',
        1018.36, 1020.22, 1263.31, 932.49,
        -49.59, 4.19, 14551621,
        149807473894, 1147),
       (75, '2024-02-11', 'OPEN_API',
        1186.75, 1116.27, 1294.73, 965.35,
        27.3, 4.62, 4273705,
        478708750633, 1135),
       (94, '2024-02-12', 'OPEN_API',
        1062.04, 1003.89, 1284.78, 945.42,
        -0.34, 0.49, 6532205,
        412373273020, 1229),
       (73, '2024-02-13', 'OPEN_API',
        1136.79, 1169.83, 1243.03, 926.42,
        -48.25, 0.11, 12122412,
        336827901018, 1174),
       (92, '2024-02-14', 'OPEN_API',
        1013.51, 1064.87, 1201.07, 969.43,
        20.25, 3.09, 18136821,
        565290549015, 1271),
       (49, '2024-02-15', 'OPEN_API',
        1156.21, 1116.23, 1222.98, 913.7,
        -35.97, -3.86, 9439121,
        231406182468, 1182),
       (75, '2024-02-16', 'OPEN_API',
        1173.83, 1025.21, 1238.41, 987.42,
        -27.48, 1.6, 19838426,
        377439834422, 1043),
       (53, '2024-02-17', 'OPEN_API',
        1038.4, 1006.26, 1290.01, 956.4,
        -21.32, -1.3, 1174993,
        299719487161, 1190),
       (49, '2024-02-18', 'OPEN_API',
        1184.5, 1105.56, 1256.49, 974.49,
        -41.28, 4.05, 3822514,
        262676832039, 1218),
       (79, '2024-02-19', 'OPEN_API',
        1091.75, 1115.32, 1268.44, 951.27,
        -2.65, -3.14, 12535514,
        468457427823, 1298),
       (75, '2024-02-20', 'OPEN_API',
        1048.93, 1037.22, 1287.93, 940.69,
        6.23, -3.22, 19277577,
        489216283163, 1251),
       (49, '2024-02-21', 'OPEN_API',
        1184.42, 1143.07, 1289.82, 996.96,
        20.9, -1.05, 11486849,
        516659871383, 1103),
       (80, '2024-02-22', 'OPEN_API',
        1090.81, 1196.34, 1282.49, 991.19,
        -3.84, -0.09, 17164907,
        137804842703, 1287),
       (49, '2024-02-23', 'OPEN_API',
        1110.85, 1040.27, 1295.24, 912.33,
        -12.95, 2.49, 19440872,
        253916245931, 1165),
       (62, '2024-02-24', 'OPEN_API',
        1114.23, 1049.7, 1217.85, 963.81,
        46.57, 2.69, 16785858,
        186943129901, 1255),
       (80, '2024-02-25', 'OPEN_API',
        1053.35, 1025.99, 1256.82, 958.73,
        -28.76, 1.73, 5587595,
        566258245963, 1295),
       (92, '2024-02-26', 'OPEN_API',
        1090.43, 1101.63, 1279.42, 967.36,
        -46.46, 1.26, 1934647,
        158165282699, 1244),
       (73, '2024-02-27', 'OPEN_API',
        1140.95, 1046.1, 1230.25, 993.34,
        -22.74, -2.64, 5322206,
        546217700611, 1190),
       (94, '2024-02-28', 'OPEN_API',
        1083.72, 1164.27, 1223.2, 906.19,
        30.93, -3.98, 10544885,
        531643185730, 1103),
       (53, '2024-02-29', 'OPEN_API',
        1033.64, 1177.25, 1209.34, 933.63,
        32.23, -2.5, 1245055,
        533781392433, 1286),
       (62, '2024-03-01', 'OPEN_API',
        1090.29, 1035.69, 1259.94, 925.54,
        -20.79, -2.87, 14815002,
        466355689260, 1053),
       (79, '2024-03-02', 'OPEN_API',
        1155.81, 1199.34, 1254.83, 967.45,
        -13.96, -0.03, 10633212,
        534712090508, 1191),
       (92, '2024-03-03', 'OPEN_API',
        1036.72, 1196.57, 1248.61, 984.26,
        44.29, -2.5, 12389675,
        567609406406, 1174),
       (94, '2024-03-04', 'OPEN_API',
        1111.84, 1003.22, 1270.65, 964.57,
        13.55, -4.71, 14218852,
        114052283168, 1056),
       (75, '2024-03-05', 'OPEN_API',
        1195.09, 1109.42, 1255.38, 924.32,
        15.97, -2.98, 2473939,
        363033097160, 1067),
       (79, '2024-03-06', 'OPEN_API',
        1147.77, 1036.63, 1251.05, 962.61,
        -30.59, 3.5, 19338834,
        173686228395, 1192),
       (75, '2024-03-07', 'OPEN_API',
        1139.06, 1081.17, 1292.71, 965.38,
        -33.98, -2.74, 6714232,
        204078392148, 1273),
       (57, '2024-03-08', 'OPEN_API',
        1115.38, 1141.77, 1253.35, 968.68,
        25.24, -1.38, 17303877,
        471077165162, 1285),
       (80, '2024-03-09', 'OPEN_API',
        1116.32, 1079.41, 1257.39, 963.43,
        20.84, -1.4, 18375486,
        227850611822, 1029),
       (80, '2024-03-10', 'OPEN_API',
        1028.54, 1077.11, 1235.17, 974.43,
        19.04, -2.14, 3265128,
        524941351215, 1120),
       (80, '2024-03-11', 'OPEN_API',
        1164.25, 1072.82, 1284.73, 920.47,
        27.7, -2.44, 16674614,
        581898476535, 1255),
       (57, '2024-03-12', 'OPEN_API',
        1113.99, 1071.12, 1206.53, 911.26,
        -28.48, -2.26, 3486937,
        448388016133, 1147),
       (94, '2024-03-13', 'OPEN_API',
        1105.26, 1131.66, 1292.74, 956.22,
        -37.42, -2.37, 2360070,
        229122071013, 1199),
       (92, '2024-03-14', 'OPEN_API',
        1183.69, 1075.0, 1270.14, 957.02,
        32.87, -3.74, 2777375,
        466333663727, 1134),
       (57, '2024-03-15', 'OPEN_API',
        1130.87, 1160.57, 1284.35, 930.48,
        -45.4, -3.34, 15031859,
        236991037414, 1009),
       (57, '2024-03-16', 'OPEN_API',
        1157.21, 1099.42, 1221.75, 997.29,
        -45.29, 4.09, 8935757,
        591388948185, 1245),
       (49, '2024-03-17', 'OPEN_API',
        1060.92, 1190.59, 1242.94, 925.64,
        -21.32, 3.71, 16557410,
        234671102145, 1048),
       (49, '2024-03-18', 'OPEN_API',
        1199.36, 1072.97, 1220.67, 958.05,
        14.39, 1.14, 6633603,
        329289135661, 1059),
       (53, '2024-03-19', 'OPEN_API',
        1103.52, 1157.18, 1267.51, 941.87,
        18.44, 2.2, 4951200,
        162236195313, 1004),
       (80, '2024-03-20', 'OPEN_API',
        1063.66, 1164.89, 1201.83, 901.01,
        -39.02, -2.6, 17131578,
        369846679269, 1130),
       (62, '2024-03-21', 'OPEN_API',
        1018.26, 1118.08, 1249.82, 932.35,
        -19.61, 3.43, 4625322,
        343669405238, 1237),
       (57, '2024-03-22', 'OPEN_API',
        1194.7, 1048.51, 1293.25, 978.39,
        31.71, -0.82, 16144648,
        510025944918, 1056),
       (57, '2024-03-23', 'OPEN_API',
        1041.73, 1006.91, 1261.47, 928.0,
        -41.27, -3.49, 2648247,
        589650476772, 1254),
       (75, '2024-03-24', 'OPEN_API',
        1012.6, 1006.5, 1232.71, 946.05,
        17.07, -3.66, 8308905,
        173184298117, 1170),
       (94, '2024-03-25', 'OPEN_API',
        1169.39, 1033.5, 1219.71, 900.86,
        -48.93, -0.45, 12590240,
        481833136740, 1169),
       (94, '2024-03-26', 'OPEN_API',
        1026.14, 1133.14, 1266.37, 945.54,
        5.83, -1.08, 4135387,
        397098190439, 1150),
       (53, '2024-03-27', 'OPEN_API',
        1073.54, 1182.76, 1299.56, 961.62,
        -48.78, -0.93, 19901458,
        442207482510, 1156),
       (80, '2024-03-28', 'OPEN_API',
        1091.06, 1190.87, 1231.3, 932.67,
        10.75, -2.75, 15076863,
        157176996167, 1299),
       (94, '2024-03-29', 'OPEN_API',
        1013.73, 1090.68, 1271.71, 963.72,
        -32.86, 1.29, 1626291,
        547664297645, 1033),
       (53, '2024-03-30', 'OPEN_API',
        1147.51, 1103.21, 1205.25, 995.1,
        -27.11, 1.89, 16451256,
        441257877601, 1012),
       (53, '2024-03-31', 'OPEN_API',
        1019.48, 1163.77, 1273.21, 905.96,
        42.74, -2.4, 8369820,
        206006474154, 1114),
       (94, '2024-04-01', 'OPEN_API',
        1095.79, 1165.64, 1283.53, 939.39,
        14.75, 1.26, 6260972,
        265034235125, 1237),
       (79, '2024-04-02', 'OPEN_API',
        1081.48, 1055.88, 1228.29, 972.16,
        -32.93, -3.52, 8560486,
        157592812685, 1147),
       (53, '2024-04-03', 'OPEN_API',
        1186.42, 1168.74, 1238.16, 940.99,
        31.76, 1.7, 6725153,
        310475827523, 1210),
       (53, '2024-04-04', 'OPEN_API',
        1137.16, 1027.1, 1239.19, 944.15,
        33.21, -0.96, 7536540,
        239999369081, 1232),
       (75, '2024-04-05', 'OPEN_API',
        1085.35, 1122.73, 1251.45, 943.22,
        -6.85, 0.54, 12301902,
        332204944412, 1271),
       (79, '2024-04-06', 'OPEN_API',
        1148.57, 1010.94, 1277.76, 944.96,
        -27.07, 3.79, 17628296,
        205890515065, 1182),
       (79, '2024-04-07', 'OPEN_API',
        1006.11, 1121.11, 1212.68, 970.34,
        -32.69, -2.35, 5677454,
        162895075141, 1076),
       (80, '2024-04-08', 'OPEN_API',
        1022.04, 1005.13, 1276.76, 978.37,
        -47.61, -1.63, 12673801,
        593300396519, 1082),
       (62, '2024-04-09', 'OPEN_API',
        1188.5, 1102.45, 1213.75, 916.36,
        0.77, -0.43, 4423967,
        335615398335, 1120),
       (49, '2024-04-10', 'OPEN_API',
        1019.78, 1068.49, 1295.25, 956.46,
        49.57, 2.13, 11026683,
        382686304762, 1027),
       (49, '2024-04-11', 'OPEN_API',
        1132.16, 1063.49, 1200.93, 991.79,
        24.45, -1.66, 13718126,
        533586903074, 1196),
       (79, '2024-04-12', 'OPEN_API',
        1141.14, 1105.44, 1240.86, 947.72,
        39.63, -0.11, 18885032,
        578985669083, 1276),
       (49, '2024-04-13', 'OPEN_API',
        1110.88, 1045.47, 1247.37, 961.12,
        -17.17, -0.2, 10762306,
        443314030834, 1225),
       (80, '2024-04-14', 'OPEN_API',
        1105.69, 1078.06, 1246.18, 998.4,
        14.86, -4.74, 4434631,
        150662584672, 1146),
       (73, '2024-04-15', 'OPEN_API',
        1168.27, 1026.98, 1279.56, 997.81,
        -33.31, -1.9, 11384593,
        280240586486, 1287),
       (75, '2024-04-16', 'OPEN_API',
        1155.61, 1019.67, 1259.42, 906.09,
        -12.71, -3.83, 18578874,
        105435278441, 1092),
       (94, '2024-04-17', 'OPEN_API',
        1134.12, 1033.7, 1278.82, 993.75,
        -45.64, -4.16, 3683606,
        284079499887, 1219),
       (79, '2024-04-18', 'OPEN_API',
        1028.32, 1150.08, 1290.45, 989.48,
        -14.61, 1.24, 3846767,
        192359250608, 1218),
       (53, '2024-04-19', 'OPEN_API',
        1082.56, 1118.18, 1228.7, 973.97,
        9.38, -3.3, 9184141,
        171689512294, 1223),
       (73, '2024-04-20', 'OPEN_API',
        1077.5, 1003.63, 1251.65, 913.47,
        -5.64, 3.73, 14733216,
        481698587562, 1270),
       (73, '2024-04-21', 'OPEN_API',
        1148.37, 1051.96, 1280.99, 983.79,
        -34.49, 3.7, 11031039,
        390003268779, 1162),
       (80, '2024-04-22', 'OPEN_API',
        1065.73, 1147.32, 1234.27, 931.45,
        24.08, -1.51, 8258506,
        278476210255, 1228),
       (49, '2024-04-23', 'OPEN_API',
        1001.71, 1189.89, 1272.36, 902.82,
        -45.0, 4.93, 14330699,
        300846680966, 1180),
       (62, '2024-04-24', 'OPEN_API',
        1134.26, 1198.09, 1235.94, 962.19,
        -6.4, -4.0, 15972102,
        239514189797, 1180),
       (75, '2024-04-25', 'OPEN_API',
        1054.99, 1169.25, 1213.28, 960.86,
        31.78, -0.74, 18400279,
        217215441432, 1164),
       (75, '2024-04-26', 'OPEN_API',
        1022.16, 1083.2, 1291.52, 972.95,
        9.4, 0.1, 11696924,
        390212453881, 1169),
       (80, '2024-04-27', 'OPEN_API',
        1027.85, 1166.98, 1247.48, 958.23,
        -14.81, 0.32, 3055068,
        258954498010, 1017),
       (53, '2024-04-28', 'OPEN_API',
        1108.56, 1048.85, 1213.18, 917.53,
        46.09, -2.09, 7775648,
        581570138404, 1185),
       (79, '2024-04-29', 'OPEN_API',
        1168.06, 1187.37, 1258.77, 940.6,
        -14.26, -0.55, 10864532,
        579447777289, 1039),
       (53, '2024-04-30', 'OPEN_API',
        1103.46, 1084.96, 1240.57, 938.66,
        35.21, 4.33, 1854231,
        115005490363, 1095),
       (57, '2024-05-01', 'OPEN_API',
        1088.76, 1055.94, 1205.35, 917.52,
        -26.82, -0.34, 13353450,
        453799032419, 1072),
       (94, '2024-05-02', 'OPEN_API',
        1096.93, 1160.12, 1267.73, 977.34,
        27.45, -1.1, 6070489,
        100358641824, 1250),
       (57, '2024-05-03', 'OPEN_API',
        1055.17, 1186.46, 1254.48, 996.01,
        1.12, 2.79, 10259836,
        481396260598, 1036),
       (92, '2024-05-04', 'OPEN_API',
        1165.83, 1126.37, 1233.27, 919.21,
        -18.24, -2.13, 7597293,
        212606919135, 1257),
       (73, '2024-05-05', 'OPEN_API',
        1042.59, 1182.88, 1287.05, 961.03,
        33.59, -0.71, 12993347,
        451323337371, 1168),
       (75, '2024-05-06', 'OPEN_API',
        1158.59, 1010.47, 1219.19, 945.51,
        28.8, 3.17, 6839885,
        570807001919, 1099),
       (80, '2024-05-07', 'OPEN_API',
        1056.16, 1027.69, 1257.61, 983.74,
        -16.08, 2.04, 8048600,
        281065671063, 1214),
       (75, '2024-05-08', 'OPEN_API',
        1008.76, 1059.96, 1209.83, 958.43,
        -13.39, 1.05, 14260081,
        369005661405, 1077),
       (49, '2024-05-09', 'OPEN_API',
        1193.14, 1012.17, 1297.88, 903.82,
        20.43, -2.21, 8508678,
        115748034580, 1259),
       (80, '2024-05-10', 'OPEN_API',
        1175.82, 1026.6, 1291.29, 908.73,
        17.52, 3.52, 8081050,
        547878982316, 1185),
       (62, '2024-05-11', 'OPEN_API',
        1087.69, 1058.35, 1253.41, 971.18,
        -34.28, -4.66, 7488270,
        573730357803, 1003),
       (73, '2024-05-12', 'OPEN_API',
        1171.62, 1031.02, 1219.51, 923.28,
        -10.39, -2.54, 13823940,
        348690603860, 1100),
       (57, '2024-05-13', 'OPEN_API',
        1180.0, 1107.55, 1281.73, 954.01,
        48.61, -1.24, 12850893,
        427405939241, 1253),
       (92, '2024-05-14', 'OPEN_API',
        1173.44, 1070.17, 1277.14, 938.91,
        46.21, -1.81, 2739666,
        414168971943, 1060),
       (53, '2024-05-15', 'OPEN_API',
        1087.77, 1026.4, 1250.39, 985.84,
        3.2, 3.48, 13058418,
        557221381543, 1024),
       (75, '2024-05-16', 'OPEN_API',
        1126.32, 1098.89, 1289.94, 958.8,
        -8.52, 0.82, 5644915,
        469368745505, 1300),
       (53, '2024-05-17', 'OPEN_API',
        1042.78, 1053.14, 1290.35, 907.82,
        -3.01, 0.63, 3256673,
        567392248633, 1125),
       (73, '2024-05-18', 'OPEN_API',
        1080.48, 1150.61, 1207.05, 903.09,
        -0.47, 3.62, 2766168,
        384157611449, 1243),
       (75, '2024-05-19', 'OPEN_API',
        1017.88, 1023.56, 1278.37, 995.71,
        0.03, -2.28, 11748301,
        470871928707, 1164),
       (62, '2024-05-20', 'OPEN_API',
        1124.78, 1083.22, 1235.12, 997.76,
        0.53, 0.12, 3541604,
        572237769027, 1248),
       (75, '2024-05-21', 'OPEN_API',
        1082.67, 1020.04, 1226.37, 919.02,
        13.91, 4.3, 8783013,
        481732689231, 1002),
       (94, '2024-05-22', 'OPEN_API',
        1164.4, 1135.88, 1242.19, 924.29,
        46.99, 1.89, 10455186,
        182651874635, 1201),
       (79, '2024-05-23', 'OPEN_API',
        1059.57, 1148.4, 1291.28, 932.61,
        15.56, -3.26, 1535867,
        555137419025, 1228),
       (57, '2024-05-24', 'OPEN_API',
        1194.41, 1142.95, 1290.12, 954.06,
        -23.31, -0.39, 17642986,
        229155257396, 1258),
       (49, '2024-05-25', 'OPEN_API',
        1157.3, 1120.4, 1208.21, 919.17,
        32.85, 1.12, 4158285,
        100630289810, 1262),
       (57, '2024-05-26', 'OPEN_API',
        1004.91, 1158.2, 1246.57, 936.79,
        -21.44, -0.82, 3202143,
        128988714609, 1079),
       (57, '2024-05-27', 'OPEN_API',
        1119.61, 1198.8, 1227.2, 971.53,
        -26.42, 1.66, 14864422,
        171111504298, 1222),
       (62, '2024-05-28', 'OPEN_API',
        1072.44, 1120.7, 1266.25, 958.24,
        9.91, -4.52, 19621694,
        126936606407, 1241),
       (92, '2024-05-29', 'OPEN_API',
        1094.8, 1150.97, 1239.61, 901.17,
        24.71, -1.67, 18401637,
        464336568112, 1066),
       (92, '2024-05-30', 'OPEN_API',
        1179.12, 1083.1, 1294.57, 981.57,
        31.45, 0.33, 18271474,
        536742230404, 1052),
       (75, '2024-05-31', 'OPEN_API',
        1053.0, 1082.91, 1244.92, 938.08,
        17.17, 0.97, 13503628,
        498795916243, 1194),
       (92, '2024-06-01', 'OPEN_API',
        1019.34, 1101.89, 1231.11, 911.31,
        8.61, -1.57, 11047890,
        283535477175, 1049),
       (79, '2024-06-02', 'OPEN_API',
        1098.91, 1103.53, 1211.17, 912.76,
        4.77, -1.47, 10435123,
        134353135796, 1221),
       (75, '2024-06-03', 'OPEN_API',
        1118.79, 1013.22, 1201.41, 974.66,
        12.89, 5.0, 10902618,
        236145599824, 1071),
       (79, '2024-06-04', 'OPEN_API',
        1030.42, 1165.31, 1208.44, 981.86,
        49.15, -4.7, 6915104,
        336411380172, 1223),
       (57, '2024-06-05', 'OPEN_API',
        1102.97, 1165.78, 1278.27, 900.68,
        24.33, -3.43, 17709293,
        318539520184, 1035),
       (94, '2024-06-06', 'OPEN_API',
        1188.3, 1035.07, 1228.4, 946.52,
        36.85, 1.1, 17165050,
        330327544552, 1024),
       (53, '2024-06-07', 'OPEN_API',
        1146.68, 1022.29, 1251.84, 959.6,
        -11.93, -1.04, 12649480,
        117788021398, 1288),
       (49, '2024-06-08', 'OPEN_API',
        1086.07, 1105.61, 1292.66, 925.59,
        -34.12, -3.17, 10411115,
        262962887880, 1224),
       (57, '2024-06-09', 'OPEN_API',
        1069.4, 1187.03, 1222.34, 975.16,
        -0.84, -4.5, 14796263,
        429048769089, 1056),
       (94, '2024-06-10', 'OPEN_API',
        1007.08, 1069.7, 1226.96, 974.57,
        -41.2, -0.15, 3839291,
        453694501107, 1297),
       (57, '2024-06-11', 'OPEN_API',
        1086.81, 1189.4, 1206.34, 955.2,
        -3.57, -4.14, 17799934,
        125559579797, 1155),
       (79, '2024-06-12', 'OPEN_API',
        1055.15, 1092.4, 1232.85, 938.59,
        -37.42, -4.53, 13835974,
        229425934163, 1139),
       (73, '2024-06-13', 'OPEN_API',
        1190.55, 1063.71, 1257.09, 945.84,
        11.33, 1.99, 19196690,
        363117757502, 1249),
       (94, '2024-06-14', 'OPEN_API',
        1175.22, 1070.13, 1281.07, 960.69,
        -28.64, 0.2, 9441729,
        537685507918, 1171),
       (94, '2024-06-15', 'OPEN_API',
        1071.14, 1182.32, 1271.93, 987.06,
        -37.9, 1.72, 5886994,
        113050550583, 1251),
       (49, '2024-06-16', 'OPEN_API',
        1149.13, 1195.88, 1290.75, 910.18,
        -0.76, -1.23, 3174554,
        137603649219, 1039),
       (73, '2024-06-17', 'OPEN_API',
        1152.64, 1182.26, 1234.36, 917.95,
        31.07, -0.46, 16147542,
        277357289226, 1147),
       (49, '2024-06-18', 'OPEN_API',
        1076.92, 1181.18, 1288.69, 983.26,
        -3.98, 4.96, 8661282,
        536335596996, 1053),
       (79, '2024-06-19', 'OPEN_API',
        1048.51, 1041.75, 1273.54, 946.72,
        -5.87, -2.04, 8454306,
        328718071202, 1210),
       (53, '2024-06-20', 'OPEN_API',
        1147.45, 1037.94, 1259.27, 931.79,
        15.02, 4.89, 2344176,
        250265372320, 1226),
       (73, '2024-06-21', 'OPEN_API',
        1101.54, 1143.98, 1294.24, 976.74,
        16.11, 4.21, 8212246,
        322972136869, 1018),
       (57, '2024-06-22', 'OPEN_API',
        1187.89, 1013.76, 1225.49, 946.62,
        -41.0, -0.25, 7722843,
        537043933520, 1197),
       (80, '2024-06-23', 'OPEN_API',
        1052.46, 1146.67, 1273.83, 964.51,
        3.11, 1.58, 17571131,
        191775972347, 1262),
       (94, '2024-06-24', 'OPEN_API',
        1176.15, 1029.42, 1225.98, 918.0,
        11.82, -0.8, 9088820,
        276520063937, 1010),
       (49, '2024-06-25', 'OPEN_API',
        1138.33, 1043.69, 1288.43, 960.35,
        -16.25, 2.93, 15355039,
        483431685681, 1280),
       (62, '2024-06-26', 'OPEN_API',
        1188.79, 1007.67, 1229.31, 987.42,
        33.93, 4.6, 6559667,
        203560159378, 1268),
       (75, '2024-06-27', 'OPEN_API',
        1019.66, 1140.18, 1220.92, 954.17,
        -7.99, -3.26, 19003252,
        416615256507, 1098),
       (53, '2024-06-28', 'OPEN_API',
        1050.36, 1039.22, 1236.75, 979.63,
        14.47, 0.96, 4838542,
        114865496681, 1184),
       (57, '2024-06-29', 'OPEN_API',
        1099.35, 1044.96, 1253.46, 965.24,
        29.02, -4.82, 4858431,
        182987797481, 1212),
       (57, '2024-06-30', 'OPEN_API',
        1088.44, 1052.56, 1250.67, 957.34,
        36.45, 4.84, 5475729,
        148263961378, 1214),
       (80, '2024-07-01', 'OPEN_API',
        1063.08, 1138.61, 1220.2, 904.88,
        23.34, -4.07, 9769667,
        479970350428, 1101),
       (92, '2024-07-02', 'OPEN_API',
        1131.37, 1050.37, 1238.01, 941.32,
        17.76, -4.97, 2550445,
        256517123734, 1221),
       (62, '2024-07-03', 'OPEN_API',
        1043.55, 1024.28, 1269.03, 953.13,
        18.06, 4.83, 17814984,
        366460816230, 1293),
       (53, '2024-07-04', 'OPEN_API',
        1118.82, 1052.95, 1235.57, 926.88,
        -49.23, -0.4, 17270595,
        555452705910, 1263),
       (75, '2024-07-05', 'OPEN_API',
        1083.29, 1110.12, 1208.36, 904.52,
        10.56, 0.66, 5209250,
        344334293474, 1080),
       (57, '2024-07-06', 'OPEN_API',
        1128.35, 1003.08, 1200.95, 978.9,
        19.24, 1.32, 11819974,
        216328322698, 1132),
       (80, '2024-07-07', 'OPEN_API',
        1122.48, 1011.36, 1275.02, 987.67,
        1.1, 1.62, 11891721,
        291123957110, 1036),
       (57, '2024-07-08', 'OPEN_API',
        1104.35, 1176.23, 1201.54, 917.04,
        -41.5, -2.23, 17809489,
        563176990109, 1085),
       (94, '2024-07-09', 'OPEN_API',
        1149.16, 1168.93, 1242.92, 960.68,
        14.74, 3.58, 11339926,
        222663856282, 1079),
       (49, '2024-07-10', 'OPEN_API',
        1168.0, 1120.05, 1236.24, 945.29,
        -37.55, -0.48, 9901450,
        517434337378, 1000),
       (80, '2024-07-11', 'OPEN_API',
        1064.0, 1000.83, 1278.78, 916.27,
        38.3, -0.82, 6518064,
        130508583175, 1011),
       (79, '2024-07-12', 'OPEN_API',
        1133.74, 1160.17, 1228.72, 953.97,
        30.83, -2.99, 15317273,
        210366179562, 1030),
       (62, '2024-07-13', 'OPEN_API',
        1001.64, 1077.43, 1236.32, 951.7,
        14.63, -4.6, 12540438,
        550187276522, 1144),
       (73, '2024-07-14', 'OPEN_API',
        1016.13, 1077.01, 1279.41, 906.34,
        24.78, 2.6, 4990931,
        450980443482, 1171),
       (53, '2024-07-15', 'OPEN_API',
        1046.5, 1086.6, 1275.3, 956.41,
        35.15, 2.05, 3458804,
        162360949729, 1045),
       (75, '2024-07-16', 'OPEN_API',
        1152.88, 1003.51, 1225.23, 943.84,
        17.97, -3.88, 16908943,
        476708432670, 1223),
       (73, '2024-07-17', 'OPEN_API',
        1090.41, 1141.23, 1260.42, 941.34,
        -10.1, 2.53, 10928360,
        212915871453, 1258),
       (79, '2024-07-18', 'OPEN_API',
        1042.89, 1098.62, 1217.37, 903.48,
        36.68, 2.57, 4161740,
        295783184303, 1153),
       (73, '2024-07-19', 'OPEN_API',
        1012.96, 1159.71, 1283.47, 976.62,
        6.71, 1.94, 4608852,
        314039472211, 1073),
       (53, '2024-07-20', 'OPEN_API',
        1181.33, 1036.85, 1224.99, 933.21,
        26.71, -4.86, 17860147,
        519175041827, 1033),
       (49, '2024-07-21', 'OPEN_API',
        1036.08, 1005.45, 1298.61, 903.2,
        16.44, -0.19, 15776272,
        249543413162, 1006),
       (80, '2024-07-22', 'OPEN_API',
        1014.23, 1048.83, 1259.25, 958.83,
        9.31, -0.95, 2996831,
        162672596437, 1186),
       (49, '2024-07-23', 'OPEN_API',
        1019.63, 1037.46, 1262.21, 977.1,
        -23.04, -4.27, 17338686,
        380017932424, 1181),
       (79, '2024-07-24', 'OPEN_API',
        1053.8, 1121.76, 1270.45, 914.98,
        28.27, 2.09, 17542666,
        158649336491, 1072),
       (49, '2024-07-25', 'OPEN_API',
        1095.64, 1016.77, 1242.99, 997.84,
        48.09, -2.97, 18489803,
        231184852663, 1035),
       (75, '2024-07-26', 'OPEN_API',
        1088.86, 1048.68, 1243.07, 904.82,
        -28.24, 2.83, 15887769,
        374285505572, 1181),
       (75, '2024-07-27', 'OPEN_API',
        1025.13, 1074.88, 1249.66, 904.2,
        -5.41, -4.6, 11344284,
        549348853753, 1107),
       (92, '2024-07-28', 'OPEN_API',
        1136.2, 1152.98, 1246.44, 908.68,
        -36.17, 2.13, 15631294,
        205125214281, 1171),
       (57, '2024-07-29', 'OPEN_API',
        1131.9, 1105.4, 1229.68, 927.09,
        11.89, -4.51, 14804903,
        344211870924, 1044),
       (79, '2024-07-30', 'OPEN_API',
        1045.54, 1092.2, 1276.08, 936.04,
        35.23, 0.06, 5320787,
        535487988434, 1190),
       (53, '2024-07-31', 'OPEN_API',
        1065.84, 1064.61, 1241.95, 923.64,
        34.47, -3.89, 17365024,
        338379711730, 1281),
       (49, '2024-08-01', 'OPEN_API',
        1133.33, 1126.4, 1247.39, 983.83,
        32.75, 0.12, 12017917,
        106788069361, 1018),
       (92, '2024-08-02', 'OPEN_API',
        1173.53, 1095.5, 1223.06, 911.02,
        17.68, -1.45, 15929530,
        512279428612, 1259),
       (79, '2024-08-03', 'OPEN_API',
        1098.41, 1098.98, 1213.0, 927.73,
        47.95, -2.94, 7573925,
        151414709112, 1184),
       (53, '2024-08-04', 'OPEN_API',
        1182.09, 1042.53, 1259.05, 989.81,
        8.61, -0.03, 12203722,
        443756398584, 1250),
       (53, '2024-08-05', 'OPEN_API',
        1047.42, 1154.26, 1217.73, 943.63,
        -48.68, -3.59, 8369259,
        505911762240, 1239),
       (80, '2024-08-06', 'OPEN_API',
        1170.54, 1082.88, 1226.27, 934.0,
        49.22, -0.38, 14268802,
        279448499891, 1004),
       (75, '2024-08-07', 'OPEN_API',
        1079.47, 1137.25, 1277.52, 984.46,
        19.27, -2.37, 1287431,
        115158716161, 1125),
       (75, '2024-08-08', 'OPEN_API',
        1016.27, 1008.16, 1278.94, 974.88,
        -23.4, -2.0, 5305203,
        393413453963, 1252),
       (94, '2024-08-09', 'OPEN_API',
        1043.53, 1091.49, 1268.06, 943.98,
        49.04, 2.73, 15903588,
        184004495777, 1102),
       (75, '2024-08-10', 'OPEN_API',
        1109.36, 1156.25, 1204.51, 904.05,
        18.5, -0.19, 3645449,
        391165522863, 1046),
       (75, '2024-08-11', 'OPEN_API',
        1001.95, 1048.28, 1260.45, 973.87,
        24.25, -4.47, 17831163,
        122184376424, 1043),
       (79, '2024-08-12', 'OPEN_API',
        1127.32, 1085.46, 1281.67, 929.31,
        25.69, 4.05, 10217153,
        566000865288, 1141),
       (92, '2024-08-13', 'OPEN_API',
        1190.33, 1082.47, 1225.39, 977.48,
        -12.55, -3.65, 16909486,
        599982936904, 1192),
       (92, '2024-08-14', 'OPEN_API',
        1082.65, 1040.62, 1230.58, 936.05,
        6.15, 4.1, 10445157,
        282325948149, 1107),
       (94, '2024-08-15', 'OPEN_API',
        1058.27, 1137.18, 1207.68, 951.27,
        38.46, -1.43, 14340731,
        596220900337, 1248),
       (79, '2024-08-16', 'OPEN_API',
        1136.72, 1072.02, 1285.07, 903.29,
        -1.62, -2.42, 6949850,
        558223634737, 1116),
       (92, '2024-08-17', 'OPEN_API',
        1046.93, 1102.41, 1226.32, 933.55,
        -9.03, 4.65, 8535790,
        479832871881, 1150),
       (73, '2024-08-18', 'OPEN_API',
        1033.39, 1085.75, 1264.69, 988.2,
        11.25, 2.16, 3290517,
        241867858080, 1204),
       (49, '2024-08-19', 'OPEN_API',
        1004.29, 1118.73, 1206.95, 936.56,
        -22.07, 3.36, 5253898,
        507490363227, 1016),
       (57, '2024-08-20', 'OPEN_API',
        1011.07, 1110.89, 1254.75, 995.91,
        43.47, 3.26, 7837810,
        450642440648, 1177),
       (80, '2024-08-21', 'OPEN_API',
        1156.16, 1144.07, 1239.15, 968.32,
        -12.83, -0.21, 9608948,
        203324491915, 1233),
       (53, '2024-08-22', 'OPEN_API',
        1026.67, 1060.64, 1274.41, 967.29,
        -48.96, -0.52, 18868956,
        208678308648, 1246),
       (73, '2024-08-23', 'OPEN_API',
        1169.0, 1042.95, 1267.79, 905.63,
        -44.0, 4.72, 4618162,
        187231424261, 1107),
       (92, '2024-08-24', 'OPEN_API',
        1140.14, 1167.8, 1245.05, 925.4,
        -24.14, 1.22, 14296469,
        529378312351, 1219),
       (75, '2024-08-25', 'OPEN_API',
        1020.76, 1170.18, 1238.64, 992.63,
        20.1, 1.48, 8926037,
        149931208862, 1064),
       (53, '2024-08-26', 'OPEN_API',
        1023.68, 1131.14, 1279.62, 933.82,
        -5.36, 0.37, 15200708,
        294224919136, 1169),
       (92, '2024-08-27', 'OPEN_API',
        1162.53, 1006.61, 1243.63, 996.85,
        1.13, 1.58, 17530747,
        296553895077, 1083),
       (53, '2024-08-28', 'OPEN_API',
        1179.83, 1079.35, 1229.17, 998.17,
        -6.04, -1.1, 8109514,
        555735360499, 1196),
       (80, '2024-08-29', 'OPEN_API',
        1109.75, 1066.46, 1212.93, 966.74,
        2.68, -4.54, 6671118,
        270036921948, 1145),
       (92, '2024-08-30', 'OPEN_API',
        1187.41, 1001.09, 1289.1, 996.47,
        39.46, -1.18, 16189708,
        169855463682, 1263),
       (79, '2024-08-31', 'OPEN_API',
        1070.3, 1155.76, 1206.6, 980.26,
        43.59, 3.39, 2999588,
        438363523864, 1281),
       (62, '2024-09-01', 'OPEN_API',
        1131.02, 1040.86, 1215.67, 994.7,
        -49.7, -3.87, 5915934,
        544418511251, 1089),
       (80, '2024-09-02', 'OPEN_API',
        1102.31, 1056.04, 1246.31, 997.52,
        19.75, 4.78, 1712473,
        431488949583, 1124),
       (75, '2024-09-03', 'OPEN_API',
        1077.05, 1083.46, 1263.06, 939.46,
        39.56, -4.08, 7710939,
        472012911489, 1096),
       (80, '2024-09-04', 'OPEN_API',
        1064.47, 1089.42, 1276.85, 933.17,
        48.57, 1.38, 6500327,
        515753367808, 1112),
       (53, '2024-09-05', 'OPEN_API',
        1052.64, 1119.73, 1216.48, 905.19,
        -12.34, 3.65, 12684149,
        547731112411, 1183),
       (92, '2024-09-06', 'OPEN_API',
        1113.24, 1196.85, 1217.19, 996.25,
        -4.57, -2.28, 8059521,
        419701827374, 1148),
       (53, '2024-09-07', 'OPEN_API',
        1027.43, 1183.78, 1261.03, 976.75,
        -10.25, 2.1, 1286242,
        174945999845, 1120),
       (49, '2024-09-08', 'OPEN_API',
        1063.79, 1105.38, 1294.5, 956.12,
        -18.28, -4.91, 7969243,
        239148637106, 1275),
       (49, '2024-09-09', 'OPEN_API',
        1122.76, 1129.38, 1238.36, 934.75,
        3.34, 2.48, 6182413,
        180299922985, 1232),
       (62, '2024-09-10', 'OPEN_API',
        1018.17, 1082.23, 1266.39, 977.67,
        -2.77, -0.92, 16134228,
        133523991376, 1283),
       (80, '2024-09-11', 'OPEN_API',
        1023.21, 1001.12, 1299.81, 945.14,
        7.02, 1.14, 4068113,
        212420166895, 1071),
       (94, '2024-09-12', 'OPEN_API',
        1034.47, 1166.46, 1262.85, 917.65,
        34.28, -4.64, 19306083,
        498492878390, 1225),
       (79, '2024-09-13', 'OPEN_API',
        1045.75, 1147.06, 1291.63, 937.93,
        10.95, -4.77, 1970491,
        331184218701, 1296),
       (62, '2024-09-14', 'OPEN_API',
        1092.52, 1008.35, 1278.13, 945.82,
        45.55, 1.56, 5549439,
        556580472944, 1133),
       (79, '2024-09-15', 'OPEN_API',
        1158.94, 1136.12, 1200.73, 953.11,
        31.39, 2.97, 11233148,
        444091730345, 1046),
       (75, '2024-09-16', 'OPEN_API',
        1198.18, 1159.01, 1220.79, 955.25,
        -38.0, 2.96, 10665819,
        397400557508, 1122),
       (94, '2024-09-17', 'OPEN_API',
        1085.36, 1064.54, 1258.99, 937.07,
        -45.14, 3.26, 9952784,
        222925544317, 1153),
       (49, '2024-09-18', 'OPEN_API',
        1089.53, 1183.07, 1249.94, 978.71,
        10.06, -4.7, 12050704,
        173566312660, 1285),
       (49, '2024-09-19', 'OPEN_API',
        1004.06, 1040.88, 1252.19, 965.25,
        -32.81, -3.96, 6743451,
        549738660695, 1127),
       (75, '2024-09-20', 'OPEN_API',
        1122.91, 1100.77, 1229.6, 938.36,
        33.73, -2.48, 13398348,
        330595600945, 1026),
       (94, '2024-09-21', 'OPEN_API',
        1124.18, 1126.47, 1219.68, 980.21,
        10.83, 0.35, 18480534,
        580591879821, 1202),
       (80, '2024-09-22', 'OPEN_API',
        1164.35, 1096.53, 1224.35, 984.93,
        -0.39, -0.32, 19449155,
        598355202092, 1129),
       (53, '2024-09-23', 'OPEN_API',
        1000.75, 1082.89, 1226.89, 975.19,
        -6.52, 3.61, 9710784,
        483686086134, 1152),
       (80, '2024-09-24', 'OPEN_API',
        1014.16, 1051.39, 1250.24, 985.09,
        22.86, -1.93, 10980206,
        545252628313, 1292),
       (75, '2024-09-25', 'OPEN_API',
        1066.74, 1131.81, 1227.04, 916.35,
        12.03, 2.48, 11730825,
        556458639149, 1290),
       (57, '2024-09-26', 'OPEN_API',
        1181.91, 1147.5, 1288.37, 919.6,
        -4.52, -0.39, 19938955,
        440486021020, 1028),
       (73, '2024-09-27', 'OPEN_API',
        1138.32, 1137.15, 1209.51, 941.64,
        -48.67, 4.8, 4081455,
        443739821402, 1231),
       (79, '2024-09-28', 'OPEN_API',
        1038.09, 1110.49, 1267.08, 905.18,
        -3.47, 0.54, 2428313,
        406618785875, 1298),
       (75, '2024-09-29', 'OPEN_API',
        1082.86, 1151.57, 1243.96, 939.73,
        3.22, -1.08, 12507344,
        394763192849, 1294),
       (62, '2024-09-30', 'OPEN_API',
        1056.61, 1102.45, 1222.45, 972.46,
        -41.51, 2.0, 8587054,
        219225455415, 1178),
       (75, '2024-10-01', 'OPEN_API',
        1080.02, 1031.37, 1284.07, 956.74,
        35.98, 2.81, 16782794,
        441761209911, 1086),
       (49, '2024-10-02', 'OPEN_API',
        1065.79, 1117.89, 1274.16, 995.56,
        12.51, 3.39, 3539146,
        546149443405, 1111),
       (73, '2024-10-03', 'OPEN_API',
        1098.73, 1089.2, 1272.37, 955.98,
        6.11, 1.13, 12398010,
        152436169688, 1163),
       (80, '2024-10-04', 'OPEN_API',
        1064.89, 1198.46, 1214.99, 980.9,
        30.59, -3.82, 15876739,
        398556190130, 1151),
       (92, '2024-10-05', 'OPEN_API',
        1101.38, 1047.28, 1208.22, 914.35,
        14.44, 3.76, 1173469,
        219918232805, 1267),
       (49, '2024-10-06', 'OPEN_API',
        1112.73, 1067.73, 1270.86, 981.4,
        15.46, -2.16, 4805075,
        191989459775, 1090),
       (94, '2024-10-07', 'OPEN_API',
        1057.57, 1056.61, 1217.74, 938.15,
        -25.34, 1.96, 18518287,
        266190623209, 1018),
       (73, '2024-10-08', 'OPEN_API',
        1034.57, 1179.19, 1208.07, 982.91,
        22.15, -4.66, 4038246,
        237425162308, 1115),
       (57, '2024-10-09', 'OPEN_API',
        1003.28, 1094.82, 1214.87, 946.35,
        -32.28, -4.03, 7789263,
        455497623252, 1299),
       (73, '2024-10-10', 'OPEN_API',
        1179.94, 1059.35, 1285.91, 932.17,
        -10.45, -0.72, 11935582,
        518296512195, 1147),
       (79, '2024-10-11', 'OPEN_API',
        1165.39, 1024.58, 1271.52, 947.71,
        -39.23, -1.12, 13147065,
        444793235752, 1101),
       (53, '2024-10-12', 'OPEN_API',
        1097.97, 1082.01, 1259.38, 957.49,
        42.07, -1.0, 15594967,
        170850979328, 1096),
       (94, '2024-10-13', 'OPEN_API',
        1035.48, 1040.1, 1250.15, 981.02,
        44.14, -2.83, 14271738,
        274971812148, 1187),
       (92, '2024-10-14', 'OPEN_API',
        1128.02, 1086.1, 1293.73, 900.23,
        10.67, -1.68, 16922407,
        497861487480, 1075),
       (79, '2024-10-15', 'OPEN_API',
        1068.18, 1142.81, 1298.71, 920.21,
        18.1, -3.87, 3158223,
        338680903069, 1135),
       (75, '2024-10-16', 'OPEN_API',
        1092.9, 1002.08, 1257.99, 985.83,
        -25.61, 4.82, 5057541,
        549252835406, 1266),
       (79, '2024-10-17', 'OPEN_API',
        1150.46, 1088.5, 1260.34, 953.97,
        -29.96, -3.61, 11002241,
        502146798023, 1261),
       (92, '2024-10-18', 'OPEN_API',
        1036.85, 1139.89, 1247.17, 908.39,
        14.12, -3.27, 13945542,
        234550541708, 1080),
       (80, '2024-10-19', 'OPEN_API',
        1180.86, 1056.81, 1254.33, 967.4,
        41.11, 4.29, 4323909,
        389291633824, 1100),
       (49, '2024-10-20', 'OPEN_API',
        1037.74, 1005.25, 1283.76, 994.82,
        11.27, -3.38, 8189914,
        150447187440, 1043),
       (73, '2024-10-21', 'OPEN_API',
        1196.19, 1036.02, 1287.17, 935.49,
        29.6, -1.96, 4017426,
        335620992473, 1198),
       (75, '2024-10-22', 'OPEN_API',
        1121.8, 1166.9, 1270.88, 974.83,
        5.93, 1.71, 8318733,
        112715363700, 1191),
       (57, '2024-10-23', 'OPEN_API',
        1104.93, 1047.94, 1220.39, 986.99,
        -47.01, -4.45, 6998655,
        287295441846, 1165),
       (75, '2024-10-24', 'OPEN_API',
        1155.09, 1181.82, 1292.24, 994.98,
        -12.0, -2.89, 15927873,
        236859054288, 1051),
       (62, '2024-10-25', 'OPEN_API',
        1069.55, 1012.0, 1232.35, 986.82,
        33.63, -3.65, 14943238,
        569570822271, 1115),
       (80, '2024-10-26', 'OPEN_API',
        1088.01, 1109.66, 1273.28, 918.43,
        -23.16, -0.03, 16703743,
        171792918720, 1132),
       (75, '2024-10-27', 'OPEN_API',
        1068.54, 1057.95, 1287.67, 995.66,
        -10.79, 1.84, 19979558,
        129139465765, 1026),
       (80, '2024-10-28', 'OPEN_API',
        1113.0, 1124.92, 1295.03, 933.99,
        36.06, 0.76, 4800796,
        338749241893, 1204),
       (73, '2024-10-29', 'OPEN_API',
        1015.67, 1120.86, 1289.48, 989.3,
        43.85, 1.65, 15236761,
        351070533225, 1211),
       (73, '2024-10-30', 'OPEN_API',
        1127.05, 1178.45, 1232.14, 995.56,
        37.12, 4.85, 4291245,
        364748278814, 1292),
       (53, '2024-10-31', 'OPEN_API',
        1196.71, 1136.48, 1298.55, 997.18,
        -11.4, 0.8, 19481550,
        273347261396, 1293),
       (80, '2024-11-01', 'OPEN_API',
        1082.96, 1006.21, 1213.97, 979.15,
        -14.27, 0.56, 13909345,
        319114702915, 1226),
       (79, '2024-11-02', 'OPEN_API',
        1148.76, 1043.14, 1210.04, 997.47,
        -38.53, 3.17, 1497488,
        572869778026, 1292),
       (79, '2024-11-03', 'OPEN_API',
        1149.43, 1031.0, 1241.98, 913.1,
        -21.12, 0.27, 11597915,
        475134981499, 1057),
       (75, '2024-11-04', 'OPEN_API',
        1068.15, 1045.16, 1249.12, 929.63,
        19.5, 2.83, 8540590,
        416627554429, 1004),
       (94, '2024-11-05', 'OPEN_API',
        1078.02, 1164.64, 1275.22, 955.83,
        -10.91, 3.81, 9559763,
        365840216350, 1278),
       (49, '2024-11-06', 'OPEN_API',
        1086.3, 1106.77, 1232.78, 947.14,
        -47.06, 1.46, 14211724,
        209335469702, 1070),
       (49, '2024-11-07', 'OPEN_API',
        1136.9, 1194.89, 1244.73, 941.04,
        -23.68, 4.52, 10078349,
        285116217905, 1039),
       (57, '2024-11-08', 'OPEN_API',
        1188.5, 1057.97, 1268.47, 989.72,
        39.23, -3.57, 3552597,
        325452628371, 1279),
       (62, '2024-11-09', 'OPEN_API',
        1022.9, 1094.37, 1228.74, 982.95,
        41.48, 3.22, 7163868,
        298824503433, 1019),
       (62, '2024-11-10', 'OPEN_API',
        1029.6, 1197.94, 1292.95, 916.59,
        4.47, 1.01, 19070251,
        152686005967, 1125),
       (57, '2024-11-11', 'OPEN_API',
        1126.67, 1002.65, 1234.83, 931.96,
        -21.85, -2.53, 2168248,
        464197866905, 1129),
       (57, '2024-11-12', 'OPEN_API',
        1000.57, 1067.68, 1237.15, 947.98,
        20.98, -1.79, 3184998,
        360395869382, 1101),
       (62, '2024-11-13', 'OPEN_API',
        1101.03, 1177.56, 1218.65, 905.5,
        17.39, 1.32, 3767149,
        178961072233, 1027),
       (73, '2024-11-14', 'OPEN_API',
        1159.41, 1034.49, 1208.03, 933.86,
        18.16, 3.48, 5115763,
        493879101422, 1117),
       (79, '2024-11-15', 'OPEN_API',
        1182.17, 1052.01, 1260.42, 951.15,
        -45.76, 2.7, 15406200,
        152149845847, 1300),
       (73, '2024-11-16', 'OPEN_API',
        1093.71, 1058.72, 1230.76, 908.47,
        -16.25, 2.15, 16346444,
        384505416038, 1070),
       (79, '2024-11-17', 'OPEN_API',
        1154.86, 1140.86, 1216.73, 950.77,
        30.28, 2.46, 13759036,
        472734891559, 1022),
       (80, '2024-11-18', 'OPEN_API',
        1197.98, 1125.48, 1253.38, 958.66,
        25.7, -0.43, 6498913,
        345023960393, 1158),
       (80, '2024-11-19', 'OPEN_API',
        1155.48, 1185.13, 1289.7, 945.43,
        -42.12, -3.29, 10213571,
        542552020111, 1056),
       (75, '2024-11-20', 'OPEN_API',
        1175.78, 1056.93, 1256.84, 988.89,
        -32.01, 1.44, 3681332,
        127476995777, 1102),
       (73, '2024-11-21', 'OPEN_API',
        1058.39, 1164.33, 1280.28, 909.9,
        19.85, 0.37, 7018177,
        415886088562, 1262),
       (92, '2024-11-22', 'OPEN_API',
        1026.59, 1197.56, 1250.3, 906.77,
        36.33, 0.56, 12275940,
        334388967676, 1133),
       (73, '2024-11-23', 'OPEN_API',
        1159.37, 1085.91, 1269.98, 996.76,
        16.97, 2.42, 15030430,
        237621492214, 1290),
       (62, '2024-11-24', 'OPEN_API',
        1074.2, 1056.49, 1243.83, 910.53,
        13.33, -4.67, 10161219,
        292576529319, 1142),
       (92, '2024-11-25', 'OPEN_API',
        1041.23, 1060.31, 1280.99, 995.71,
        -47.53, -2.9, 10256092,
        504404915784, 1017),
       (92, '2024-11-26', 'OPEN_API',
        1058.81, 1080.77, 1231.92, 916.36,
        -34.32, -1.53, 18849664,
        540503315629, 1010),
       (53, '2024-11-27', 'OPEN_API',
        1186.75, 1099.02, 1253.49, 972.0,
        -36.37, 3.43, 15821650,
        399689296191, 1160),
       (53, '2024-11-28', 'OPEN_API',
        1027.7, 1118.41, 1270.25, 993.62,
        -36.5, 1.42, 10050803,
        336759953292, 1181),
       (79, '2024-11-29', 'OPEN_API',
        1188.79, 1058.43, 1249.23, 923.59,
        -15.93, -1.43, 12080605,
        161432506053, 1017),
       (92, '2024-11-30', 'OPEN_API',
        1013.31, 1143.97, 1204.87, 936.5,
        -33.42, -2.29, 5672959,
        384135217753, 1146),
       (75, '2024-12-01', 'OPEN_API',
        1189.92, 1141.61, 1287.48, 962.97,
        -31.73, 4.26, 16191693,
        253864767028, 1078),
       (94, '2024-12-02', 'OPEN_API',
        1018.62, 1166.44, 1247.94, 983.6,
        -28.57, 4.42, 7015912,
        206180351289, 1088),
       (92, '2024-12-03', 'OPEN_API',
        1055.47, 1163.18, 1270.09, 952.47,
        -26.24, 4.39, 8250232,
        220536889973, 1153),
       (53, '2024-12-04', 'OPEN_API',
        1139.65, 1188.4, 1265.23, 912.43,
        -42.03, -3.95, 1987140,
        556987496150, 1038),
       (75, '2024-12-05', 'OPEN_API',
        1125.09, 1182.8, 1278.18, 984.2,
        -47.28, 2.48, 16061502,
        485400374680, 1189),
       (94, '2024-12-06', 'OPEN_API',
        1022.6, 1143.42, 1298.07, 947.49,
        23.34, 4.71, 10312768,
        304525816940, 1210),
       (94, '2024-12-07', 'OPEN_API',
        1190.37, 1145.34, 1224.81, 997.48,
        -13.11, -3.87, 1673714,
        347014883307, 1211),
       (92, '2024-12-08', 'OPEN_API',
        1007.95, 1198.96, 1220.12, 900.57,
        -40.04, 0.41, 17214985,
        538072838715, 1054),
       (75, '2024-12-09', 'OPEN_API',
        1016.57, 1178.23, 1264.22, 965.64,
        -3.54, 2.35, 6553182,
        255162129223, 1096),
       (73, '2024-12-10', 'OPEN_API',
        1030.7, 1054.75, 1295.73, 951.49,
        37.71, -0.56, 3640532,
        142874654120, 1176),
       (94, '2024-12-11', 'OPEN_API',
        1176.42, 1164.02, 1272.87, 904.05,
        0.42, 0.66, 6879315,
        287718605264, 1034),
       (79, '2024-12-12', 'OPEN_API',
        1159.7, 1049.0, 1273.72, 922.8,
        -21.38, -3.92, 13906155,
        425288098521, 1249),
       (49, '2024-12-13', 'OPEN_API',
        1062.37, 1071.15, 1296.25, 920.23,
        47.01, 0.44, 4574965,
        425378957599, 1073),
       (80, '2024-12-14', 'OPEN_API',
        1030.14, 1067.02, 1220.17, 970.29,
        -7.83, -0.75, 14966253,
        217527631863, 1042),
       (80, '2024-12-15', 'OPEN_API',
        1105.42, 1011.84, 1247.44, 916.68,
        31.99, -1.3, 4144322,
        181690430393, 1071),
       (53, '2024-12-16', 'OPEN_API',
        1193.57, 1109.04, 1284.21, 992.81,
        -19.59, 3.69, 5169843,
        370856004032, 1295),
       (80, '2024-12-17', 'OPEN_API',
        1074.75, 1119.37, 1226.66, 934.99,
        -15.71, -0.5, 15861668,
        215475924950, 1151),
       (57, '2024-12-18', 'OPEN_API',
        1156.11, 1054.14, 1251.99, 934.0,
        -2.37, -2.15, 17934981,
        592706731013, 1030),
       (75, '2024-12-19', 'OPEN_API',
        1134.18, 1088.69, 1227.86, 987.16,
        -16.74, 4.57, 13236918,
        131865609067, 1217),
       (53, '2024-12-20', 'OPEN_API',
        1182.16, 1171.65, 1230.26, 925.41,
        -32.3, -3.76, 12696116,
        373244508349, 1193),
       (73, '2024-12-21', 'OPEN_API',
        1185.99, 1011.87, 1218.19, 901.47,
        -27.94, 3.96, 15316266,
        169310948064, 1003),
       (94, '2024-12-22', 'OPEN_API',
        1098.95, 1176.69, 1296.77, 996.3,
        -27.27, -0.8, 15372493,
        286349603240, 1297),
       (92, '2024-12-23', 'OPEN_API',
        1059.84, 1022.92, 1293.5, 960.79,
        -39.95, 2.65, 13908172,
        534986996984, 1179),
       (94, '2024-12-24', 'OPEN_API',
        1032.01, 1157.05, 1222.33, 958.52,
        -9.03, 0.57, 9639038,
        464752818869, 1212),
       (80, '2024-12-25', 'OPEN_API',
        1180.09, 1002.54, 1297.55, 910.33,
        34.57, -4.24, 1289993,
        499327206675, 1187),
       (53, '2024-12-26', 'OPEN_API',
        1001.43, 1006.08, 1271.6, 980.98,
        -41.75, 3.75, 6248652,
        122115716305, 1262),
       (49, '2024-12-27', 'OPEN_API',
        1030.56, 1080.97, 1297.78, 983.53,
        8.84, -0.93, 5330781,
        422910726319, 1280),
       (57, '2024-12-28', 'OPEN_API',
        1187.55, 1169.0, 1291.86, 904.69,
        -16.76, -2.36, 19373557,
        160617554364, 1212),
       (92, '2024-12-29', 'OPEN_API',
        1050.52, 1041.61, 1290.21, 929.7,
        33.11, 3.81, 13385480,
        229736546394, 1028),
       (80, '2024-12-30', 'OPEN_API',
        1155.31, 1082.93, 1211.13, 913.84,
        -42.96, 1.32, 1312356,
        309426855459, 1079),
       (75, '2024-01-01', 'OPEN_API',
        1062.63, 1102.59, 1215.58, 906.64,
        -20.8, 1.48, 14292763,
        445334033534, 1106),
       (62, '2024-01-02', 'OPEN_API',
        1099.29, 1053.05, 1229.2, 917.65,
        -4.98, -2.64, 8853348,
        399389500013, 1246),
       (75, '2024-01-03', 'OPEN_API',
        1120.19, 1165.88, 1204.84, 950.32,
        46.58, -2.74, 10296819,
        120116711029, 1269),
       (80, '2024-01-04', 'OPEN_API',
        1159.73, 1071.1, 1293.73, 952.56,
        -6.17, 4.56, 1889227,
        540747607914, 1163),
       (53, '2024-01-05', 'OPEN_API',
        1089.76, 1007.5, 1252.02, 950.21,
        -42.94, 1.56, 16223281,
        270163017141, 1211),
       (79, '2024-01-06', 'OPEN_API',
        1182.44, 1166.19, 1271.78, 910.44,
        -33.58, -1.41, 14123677,
        435432575889, 1026),
       (57, '2024-01-07', 'OPEN_API',
        1071.93, 1014.49, 1228.38, 984.12,
        -17.8, 1.59, 11296473,
        148000275766, 1137),
       (80, '2024-01-08', 'OPEN_API',
        1148.01, 1042.49, 1296.65, 903.25,
        -18.45, 1.3, 4317809,
        463777950844, 1002),
       (92, '2024-01-09', 'OPEN_API',
        1090.66, 1028.7, 1248.25, 987.38,
        -9.88, 4.19, 18047754,
        420038697974, 1189),
       (80, '2024-01-10', 'OPEN_API',
        1055.81, 1127.25, 1255.33, 908.99,
        21.41, 4.06, 9213461,
        363646962868, 1161),
       (49, '2024-01-11', 'OPEN_API',
        1195.98, 1021.33, 1268.54, 901.91,
        27.08, -4.01, 14267295,
        577159993191, 1048),
       (53, '2024-01-12', 'OPEN_API',
        1085.49, 1073.43, 1266.93, 913.87,
        -7.9, 3.79, 3106219,
        162132523839, 1284),
       (62, '2024-01-13', 'OPEN_API',
        1172.0, 1029.35, 1262.66, 978.2,
        -22.34, -3.92, 17340600,
        472941591879, 1167),
       (79, '2024-01-14', 'OPEN_API',
        1122.21, 1148.82, 1208.16, 946.54,
        -20.18, -4.59, 12146110,
        262601155714, 1190),
       (79, '2024-01-15', 'OPEN_API',
        1109.14, 1127.39, 1276.96, 962.63,
        -4.62, -0.06, 15819061,
        251492543223, 1190),
       (62, '2024-01-16', 'OPEN_API',
        1133.52, 1118.62, 1243.4, 950.33,
        10.99, -4.03, 18903900,
        540482696620, 1288),
       (62, '2024-01-17', 'OPEN_API',
        1163.25, 1082.06, 1245.06, 945.07,
        41.17, 3.34, 8315792,
        548882290413, 1163),
       (53, '2024-01-18', 'OPEN_API',
        1005.84, 1198.27, 1272.65, 903.65,
        47.82, -2.26, 18179500,
        468184435521, 1070),
       (94, '2024-01-19', 'OPEN_API',
        1071.32, 1096.38, 1271.35, 913.22,
        -45.65, -1.92, 8425531,
        155533683537, 1091),
       (75, '2024-01-20', 'OPEN_API',
        1107.44, 1029.76, 1286.46, 990.39,
        40.51, -1.63, 18139554,
        182917027207, 1176),
       (49, '2024-01-21', 'OPEN_API',
        1097.6, 1171.84, 1237.13, 909.94,
        -44.39, -4.61, 11340657,
        236579660537, 1054),
       (80, '2024-01-22', 'OPEN_API',
        1147.58, 1116.44, 1243.12, 919.32,
        -4.52, -3.55, 14303416,
        258212652759, 1265),
       (53, '2024-01-23', 'OPEN_API',
        1187.07, 1165.65, 1233.56, 994.82,
        39.07, 0.28, 5991622,
        111060655223, 1073),
       (57, '2024-01-24', 'OPEN_API',
        1050.45, 1113.94, 1220.26, 976.6,
        -10.42, -1.2, 17683497,
        249691290570, 1264),
       (80, '2024-01-25', 'OPEN_API',
        1167.55, 1076.3, 1277.49, 913.33,
        -35.25, -3.89, 16763050,
        550883832061, 1037),
       (73, '2024-01-26', 'OPEN_API',
        1174.31, 1059.69, 1233.73, 996.62,
        -43.14, -0.17, 7105837,
        409960271466, 1047),
       (75, '2024-01-27', 'OPEN_API',
        1114.29, 1001.78, 1264.87, 957.54,
        39.24, -0.48, 7095962,
        106834136227, 1103),
       (73, '2024-01-28', 'OPEN_API',
        1009.91, 1112.19, 1200.75, 975.63,
        21.7, -3.73, 14263931,
        428033994031, 1281),
       (57, '2024-01-29', 'OPEN_API',
        1156.7, 1187.44, 1270.87, 976.16,
        -39.04, -4.71, 1519606,
        287424132167, 1176),
       (57, '2024-01-30', 'OPEN_API',
        1171.89, 1087.27, 1296.17, 912.31,
        -27.42, 4.41, 16773227,
        389401124459, 1054),
       (49, '2024-01-31', 'OPEN_API',
        1103.31, 1035.12, 1218.71, 951.19,
        15.3, 1.64, 2437941,
        396998329478, 1072),
       (57, '2024-02-01', 'OPEN_API',
        1117.26, 1105.0, 1273.54, 963.79,
        -41.8, -2.2, 1433659,
        450572139977, 1116),
       (80, '2024-02-02', 'OPEN_API',
        1170.22, 1076.14, 1209.29, 918.72,
        28.85, -3.92, 17010845,
        227683214625, 1249),
       (53, '2024-02-03', 'OPEN_API',
        1063.95, 1160.75, 1249.19, 912.04,
        17.13, -4.89, 14619785,
        500578453659, 1088),
       (49, '2024-02-04', 'OPEN_API',
        1165.25, 1066.19, 1275.78, 977.85,
        -34.16, -1.7, 19407325,
        201037055714, 1027),
       (79, '2024-02-05', 'OPEN_API',
        1080.25, 1179.14, 1202.69, 957.84,
        20.52, 4.71, 8518940,
        322554761896, 1248),
       (92, '2024-02-06', 'OPEN_API',
        1008.61, 1182.8, 1255.72, 900.54,
        -37.75, 2.57, 3016078,
        528730195947, 1210),
       (57, '2024-02-07', 'OPEN_API',
        1094.84, 1032.22, 1214.33, 994.29,
        -47.84, 1.43, 18294043,
        172693274047, 1067),
       (57, '2024-02-08', 'OPEN_API',
        1138.14, 1174.31, 1213.74, 960.39,
        29.33, -2.39, 17161126,
        486052326629, 1214),
       (79, '2024-02-09', 'OPEN_API',
        1015.85, 1073.41, 1288.36, 917.65,
        24.1, -4.73, 15614467,
        577095056903, 1031),
       (75, '2024-02-10', 'OPEN_API',
        1006.45, 1162.17, 1275.09, 917.8,
        12.81, 1.89, 11963069,
        598276041273, 1245),
       (80, '2024-02-11', 'OPEN_API',
        1182.29, 1023.49, 1235.39, 902.68,
        28.64, -3.41, 7308288,
        145675664505, 1111),
       (80, '2024-02-12', 'OPEN_API',
        1152.74, 1131.72, 1291.99, 940.75,
        22.44, 4.73, 6829271,
        195833276219, 1297),
       (57, '2024-02-13', 'OPEN_API',
        1037.6, 1093.65, 1244.68, 994.92,
        -17.51, -1.35, 6506802,
        381121151200, 1052),
       (73, '2024-02-14', 'OPEN_API',
        1040.56, 1087.96, 1245.02, 952.58,
        7.93, 1.48, 3938163,
        427756621654, 1126),
       (57, '2024-02-15', 'OPEN_API',
        1099.81, 1039.02, 1239.2, 930.84,
        39.18, 0.25, 2875986,
        567480133481, 1084),
       (94, '2024-02-16', 'OPEN_API',
        1123.78, 1149.25, 1272.73, 903.65,
        -9.63, -4.97, 7715500,
        500337011207, 1004),
       (80, '2024-02-17', 'OPEN_API',
        1029.77, 1121.38, 1294.13, 975.42,
        -1.49, 4.93, 9148772,
        149955162698, 1249),
       (49, '2024-02-18', 'OPEN_API',
        1129.4, 1155.02, 1235.03, 901.96,
        -48.08, -4.91, 14433750,
        576820639317, 1183),
       (49, '2024-02-19', 'OPEN_API',
        1023.63, 1108.86, 1280.01, 947.59,
        11.4, 0.33, 9883214,
        265617482098, 1274),
       (75, '2024-02-20', 'OPEN_API',
        1171.21, 1111.86, 1253.89, 955.51,
        -1.29, -0.19, 6014170,
        214111436937, 1165),
       (75, '2024-02-21', 'OPEN_API',
        1079.38, 1184.13, 1201.95, 947.77,
        5.83, 2.93, 19672904,
        313715755874, 1109),
       (79, '2024-02-22', 'OPEN_API',
        1142.76, 1027.77, 1210.78, 979.64,
        16.71, 0.56, 9049174,
        151057394331, 1091),
       (80, '2024-02-23', 'OPEN_API',
        1114.25, 1170.33, 1233.03, 962.18,
        -42.14, -4.59, 6669859,
        360657848793, 1073),
       (62, '2024-02-24', 'OPEN_API',
        1119.19, 1022.13, 1276.93, 953.08,
        -20.26, -1.21, 6126228,
        304527223563, 1284),
       (92, '2024-02-25', 'OPEN_API',
        1181.06, 1016.34, 1263.32, 997.95,
        21.63, -1.0, 10061540,
        122265837651, 1247),
       (94, '2024-02-26', 'OPEN_API',
        1081.99, 1042.79, 1276.28, 942.44,
        -7.59, 4.15, 16435805,
        156611017852, 1112),
       (62, '2024-02-27', 'OPEN_API',
        1182.76, 1103.33, 1219.32, 913.55,
        31.29, 1.3, 3665149,
        137897980303, 1276),
       (73, '2024-02-28', 'OPEN_API',
        1081.17, 1154.69, 1217.27, 993.16,
        21.91, 0.86, 12562336,
        426580652831, 1231),
       (79, '2024-02-29', 'OPEN_API',
        1199.47, 1121.15, 1203.69, 919.27,
        -42.03, -3.33, 14744906,
        514059866853, 1105),
       (79, '2024-03-01', 'OPEN_API',
        1101.78, 1141.6, 1277.14, 940.4,
        -23.04, -1.43, 7463262,
        362662780135, 1001),
       (57, '2024-03-02', 'OPEN_API',
        1157.58, 1039.54, 1265.76, 947.21,
        -22.54, -4.03, 16723041,
        474591239776, 1234),
       (94, '2024-03-03', 'OPEN_API',
        1040.9, 1189.34, 1248.94, 981.79,
        -3.56, 4.32, 18381890,
        228125092129, 1066),
       (57, '2024-03-04', 'OPEN_API',
        1174.97, 1029.81, 1283.36, 910.23,
        15.21, 2.8, 18374017,
        191914163199, 1267),
       (62, '2024-03-05', 'OPEN_API',
        1086.6, 1123.72, 1224.33, 929.04,
        8.07, -0.87, 6041568,
        183217757636, 1087),
       (79, '2024-03-06', 'OPEN_API',
        1049.13, 1062.82, 1230.09, 930.22,
        -21.03, 3.42, 2954908,
        290344254666, 1224),
       (73, '2024-03-07', 'OPEN_API',
        1036.36, 1071.69, 1294.48, 976.6,
        3.04, -4.65, 11305086,
        584096428495, 1220),
       (73, '2024-03-08', 'OPEN_API',
        1031.12, 1038.77, 1262.33, 952.39,
        33.6, 4.73, 5292328,
        332069297840, 1151),
       (73, '2024-03-09', 'OPEN_API',
        1004.52, 1173.1, 1255.12, 952.5,
        30.74, 4.69, 9674181,
        422302977187, 1219),
       (57, '2024-03-10', 'OPEN_API',
        1124.22, 1134.97, 1257.7, 937.21,
        -0.43, -1.74, 17186783,
        492807558368, 1129),
       (49, '2024-03-11', 'OPEN_API',
        1126.85, 1156.97, 1270.06, 968.65,
        -38.39, -0.08, 19990798,
        494290645680, 1280),
       (57, '2024-03-12', 'OPEN_API',
        1044.1, 1002.18, 1203.35, 970.57,
        48.94, -4.25, 18032108,
        334161103387, 1171),
       (62, '2024-03-13', 'OPEN_API',
        1126.94, 1033.52, 1218.21, 972.27,
        -14.83, 1.83, 12523373,
        514322659420, 1269),
       (80, '2024-03-14', 'OPEN_API',
        1104.23, 1090.5, 1224.64, 920.29,
        12.65, 2.5, 19875467,
        481552156453, 1226),
       (49, '2024-03-15', 'OPEN_API',
        1086.31, 1132.23, 1281.08, 983.23,
        39.97, -3.53, 15752406,
        569602423885, 1000),
       (53, '2024-03-16', 'OPEN_API',
        1043.54, 1189.98, 1228.54, 996.72,
        44.57, -4.77, 18398436,
        354570423725, 1162),
       (92, '2024-03-17', 'OPEN_API',
        1027.04, 1061.26, 1294.04, 924.2,
        -48.28, 3.33, 19582929,
        322131821281, 1094),
       (62, '2024-03-18', 'OPEN_API',
        1149.91, 1142.83, 1250.6, 905.48,
        23.83, 3.53, 8084938,
        494504860934, 1262),
       (53, '2024-03-19', 'OPEN_API',
        1071.56, 1086.74, 1200.15, 958.74,
        41.09, 4.76, 9217225,
        418991937391, 1249),
       (75, '2024-03-20', 'OPEN_API',
        1134.71, 1164.73, 1265.06, 968.47,
        -9.09, -1.21, 17507265,
        435223233146, 1119),
       (94, '2024-03-21', 'OPEN_API',
        1162.68, 1015.34, 1277.77, 976.04,
        -23.82, -3.48, 17601660,
        306422773003, 1088),
       (49, '2024-03-22', 'OPEN_API',
        1149.24, 1189.4, 1225.13, 917.23,
        44.03, -4.4, 11709277,
        362604197471, 1242),
       (92, '2024-03-23', 'OPEN_API',
        1138.15, 1142.81, 1279.04, 920.92,
        36.77, 3.8, 4269541,
        553637440973, 1276),
       (92, '2024-03-24', 'OPEN_API',
        1085.88, 1101.86, 1214.98, 944.26,
        2.48, 3.88, 7758601,
        568393829470, 1291),
       (94, '2024-03-25', 'OPEN_API',
        1104.12, 1081.33, 1265.33, 983.67,
        40.17, 2.62, 9752384,
        491864085417, 1229),
       (49, '2024-03-26', 'OPEN_API',
        1065.85, 1130.92, 1211.49, 945.12,
        -27.0, 3.97, 1686548,
        569547582947, 1010),
       (79, '2024-03-27', 'OPEN_API',
        1182.04, 1143.68, 1245.29, 994.95,
        -35.87, 2.97, 18041762,
        341201723042, 1041),
       (80, '2024-03-28', 'OPEN_API',
        1057.82, 1089.84, 1215.97, 966.73,
        -10.32, -4.55, 6227066,
        151520516407, 1028),
       (53, '2024-03-29', 'OPEN_API',
        1105.27, 1140.53, 1283.68, 987.54,
        24.6, 4.76, 12577800,
        575623652282, 1135),
       (53, '2024-03-30', 'OPEN_API',
        1138.65, 1070.15, 1269.19, 917.23,
        -41.35, -4.3, 15290058,
        466458236475, 1102),
       (94, '2024-03-31', 'OPEN_API',
        1091.97, 1003.93, 1202.16, 967.96,
        -42.49, 2.96, 3164783,
        599691267581, 1052),
       (92, '2024-04-01', 'OPEN_API',
        1188.13, 1145.86, 1250.67, 932.72,
        -9.17, -3.84, 18347785,
        225316265566, 1075),
       (75, '2024-04-02', 'OPEN_API',
        1118.34, 1185.81, 1265.25, 904.34,
        17.29, 4.34, 15489171,
        498866214170, 1262),
       (57, '2024-04-03', 'OPEN_API',
        1145.1, 1114.91, 1293.44, 955.0,
        -3.56, 3.24, 19786854,
        337300622360, 1104),
       (49, '2024-04-04', 'OPEN_API',
        1152.94, 1110.17, 1242.77, 929.66,
        11.92, 2.2, 16700989,
        207042980336, 1200),
       (79, '2024-04-05', 'OPEN_API',
        1127.81, 1086.85, 1231.33, 964.01,
        -43.51, -4.83, 9587890,
        278125029630, 1297),
       (80, '2024-04-06', 'OPEN_API',
        1174.34, 1029.61, 1285.04, 956.76,
        -2.2, 3.89, 12431201,
        495156302166, 1177),
       (53, '2024-04-07', 'OPEN_API',
        1142.95, 1138.44, 1254.96, 992.7,
        -31.27, 4.42, 1033552,
        418677993750, 1102),
       (92, '2024-04-08', 'OPEN_API',
        1003.19, 1155.33, 1242.81, 924.47,
        -18.23, 3.74, 9474844,
        127822828412, 1235),
       (53, '2024-04-09', 'OPEN_API',
        1021.45, 1081.75, 1289.23, 910.45,
        44.07, -2.35, 13394361,
        330690537961, 1063),
       (94, '2024-04-10', 'OPEN_API',
        1070.49, 1166.74, 1274.34, 961.52,
        42.2, 4.23, 1064247,
        338642245645, 1258),
       (49, '2024-04-11', 'OPEN_API',
        1013.58, 1058.91, 1248.77, 900.06,
        17.68, 1.65, 18884957,
        100425103649, 1121),
       (57, '2024-04-12', 'OPEN_API',
        1048.35, 1189.8, 1278.44, 944.62,
        10.81, -4.49, 6918234,
        479958165012, 1010),
       (49, '2024-04-13', 'OPEN_API',
        1196.83, 1089.66, 1266.45, 971.94,
        20.08, 4.95, 5767067,
        536149696701, 1166),
       (75, '2024-04-14', 'OPEN_API',
        1135.42, 1140.55, 1253.3, 977.13,
        -2.28, 4.75, 17570533,
        225723097103, 1291),
       (92, '2024-04-15', 'OPEN_API',
        1149.55, 1007.4, 1287.25, 948.28,
        -9.62, 4.8, 12312141,
        479643229329, 1223),
       (75, '2024-04-16', 'OPEN_API',
        1052.0, 1070.4, 1222.58, 934.27,
        6.87, 1.65, 19537327,
        551446370775, 1173),
       (49, '2024-04-17', 'OPEN_API',
        1013.12, 1050.52, 1259.67, 932.4,
        23.13, 4.68, 11738211,
        503254978235, 1069),
       (92, '2024-04-18', 'OPEN_API',
        1147.63, 1022.29, 1213.54, 961.55,
        -31.33, 1.21, 7042407,
        245502998608, 1267),
       (92, '2024-04-19', 'OPEN_API',
        1083.31, 1074.89, 1260.51, 990.42,
        -15.41, 0.42, 15709547,
        557326027333, 1161),
       (79, '2024-04-20', 'OPEN_API',
        1080.7, 1191.81, 1284.0, 985.95,
        -13.03, 2.16, 18111870,
        180840187228, 1109),
       (80, '2024-04-21', 'OPEN_API',
        1068.38, 1181.52, 1298.23, 926.69,
        41.83, 4.87, 5176181,
        539496723613, 1129),
       (80, '2024-04-22', 'OPEN_API',
        1169.26, 1033.85, 1219.59, 944.23,
        36.91, -4.23, 13095332,
        478793392890, 1253),
       (53, '2024-04-23', 'OPEN_API',
        1037.56, 1071.77, 1268.1, 998.19,
        24.92, -3.07, 15328874,
        433862832492, 1028),
       (75, '2024-04-24', 'OPEN_API',
        1162.92, 1065.88, 1284.02, 984.47,
        16.75, 4.37, 18349817,
        152613210495, 1297),
       (79, '2024-04-25', 'OPEN_API',
        1045.14, 1062.04, 1253.84, 922.33,
        -47.85, -3.87, 2512118,
        384352794486, 1107),
       (75, '2024-04-26', 'OPEN_API',
        1022.71, 1156.87, 1210.65, 937.21,
        -31.84, 4.52, 1268857,
        276588204309, 1007),
       (75, '2024-04-27', 'OPEN_API',
        1183.38, 1025.06, 1273.41, 941.93,
        -29.25, 4.97, 1097927,
        219584070312, 1216),
       (62, '2024-04-28', 'OPEN_API',
        1162.95, 1085.25, 1254.77, 907.32,
        -17.38, 1.73, 12643482,
        592205949630, 1062),
       (49, '2024-04-29', 'OPEN_API',
        1076.9, 1026.21, 1287.79, 964.06,
        1.78, -0.99, 1450519,
        199568336491, 1008),
       (53, '2024-04-30', 'OPEN_API',
        1090.51, 1060.23, 1244.69, 976.36,
        -7.13, 3.73, 11350286,
        173513976924, 1279),
       (62, '2024-05-01', 'OPEN_API',
        1051.04, 1007.65, 1214.08, 960.8,
        -24.24, -1.58, 14149130,
        531591279171, 1189),
       (92, '2024-05-02', 'OPEN_API',
        1037.71, 1111.79, 1207.5, 993.33,
        32.39, -4.41, 5441043,
        225770339114, 1270),
       (53, '2024-05-03', 'OPEN_API',
        1164.9, 1066.57, 1242.05, 947.06,
        -10.2, -3.71, 9252395,
        157839768102, 1121),
       (62, '2024-05-04', 'OPEN_API',
        1040.25, 1041.87, 1225.18, 927.64,
        -36.39, 1.36, 15685406,
        191678112789, 1038),
       (75, '2024-05-05', 'OPEN_API',
        1102.94, 1011.63, 1265.27, 907.45,
        45.92, 3.36, 1978620,
        470790403208, 1268),
       (94, '2024-05-06', 'OPEN_API',
        1142.95, 1072.4, 1224.8, 914.28,
        35.12, -4.35, 17927008,
        395548456623, 1207),
       (79, '2024-05-07', 'OPEN_API',
        1156.75, 1034.79, 1277.1, 985.78,
        -49.22, -0.85, 6986545,
        265427930596, 1213),
       (53, '2024-05-08', 'OPEN_API',
        1019.27, 1114.48, 1244.1, 951.45,
        -31.59, 0.18, 1687644,
        211462321064, 1001),
       (79, '2024-05-09', 'OPEN_API',
        1135.14, 1151.69, 1203.08, 993.48,
        -39.54, -2.85, 7272754,
        378326645310, 1143),
       (53, '2024-05-10', 'OPEN_API',
        1075.91, 1127.23, 1220.39, 971.11,
        16.88, -3.42, 12889336,
        324082242077, 1155),
       (53, '2024-05-11', 'OPEN_API',
        1093.78, 1128.76, 1202.76, 956.37,
        12.88, -2.33, 14229724,
        238162936353, 1179),
       (75, '2024-05-12', 'OPEN_API',
        1127.74, 1001.45, 1276.04, 914.8,
        -37.17, 3.66, 3386868,
        143796529499, 1170),
       (73, '2024-05-13', 'OPEN_API',
        1116.63, 1072.69, 1284.0, 963.68,
        -48.72, 0.26, 1551691,
        181583876101, 1155),
       (57, '2024-05-14', 'OPEN_API',
        1113.51, 1042.82, 1200.65, 934.71,
        -22.76, 2.58, 17549868,
        190993677841, 1160),
       (49, '2024-05-15', 'OPEN_API',
        1144.04, 1188.49, 1293.14, 917.81,
        -34.88, 3.17, 18593245,
        191380527897, 1175),
       (49, '2024-05-16', 'OPEN_API',
        1086.13, 1087.96, 1295.26, 992.05,
        -6.24, 0.25, 9562122,
        192318959497, 1221),
       (79, '2024-05-17', 'OPEN_API',
        1107.78, 1114.3, 1283.1, 920.49,
        -12.84, -0.7, 11630763,
        141757358231, 1062),
       (53, '2024-05-18', 'OPEN_API',
        1166.58, 1031.49, 1255.81, 907.66,
        25.96, 1.01, 11305628,
        320255745407, 1030),
       (94, '2024-05-19', 'OPEN_API',
        1162.78, 1054.4, 1298.12, 989.62,
        35.48, -4.17, 16347680,
        117753021930, 1077),
       (80, '2024-05-20', 'OPEN_API',
        1149.15, 1087.31, 1287.09, 966.02,
        14.63, 0.09, 17339589,
        558172545300, 1036),
       (57, '2024-05-21', 'OPEN_API',
        1004.76, 1155.39, 1227.19, 952.78,
        7.66, -1.89, 1210978,
        444765585894, 1150),
       (79, '2024-05-22', 'OPEN_API',
        1041.14, 1126.34, 1208.95, 996.19,
        12.45, -3.16, 14666402,
        251596897546, 1228),
       (49, '2024-05-23', 'OPEN_API',
        1164.76, 1104.54, 1284.03, 992.3,
        -24.41, 0.15, 15357978,
        264333477937, 1090),
       (57, '2024-05-24', 'OPEN_API',
        1158.88, 1139.73, 1210.66, 992.13,
        46.06, -3.75, 14008144,
        538542596446, 1128),
       (53, '2024-05-25', 'OPEN_API',
        1076.41, 1197.07, 1229.17, 910.79,
        -45.69, -2.27, 10921454,
        238810408012, 1222),
       (75, '2024-05-26', 'OPEN_API',
        1002.68, 1190.05, 1294.15, 926.38,
        -11.1, 3.08, 2875599,
        197945788907, 1259),
       (62, '2024-05-27', 'OPEN_API',
        1131.69, 1010.04, 1271.3, 903.77,
        -33.42, -4.78, 1164476,
        241987159229, 1025),
       (80, '2024-05-28', 'OPEN_API',
        1098.52, 1052.24, 1261.66, 992.96,
        18.15, 1.15, 16652984,
        306329119574, 1063),
       (80, '2024-05-29', 'OPEN_API',
        1174.37, 1056.65, 1253.83, 936.75,
        17.9, 4.1, 19388313,
        104532969929, 1029),
       (62, '2024-05-30', 'OPEN_API',
        1090.14, 1004.52, 1222.22, 928.7,
        -20.34, 4.12, 8759969,
        276099975058, 1161),
       (62, '2024-05-31', 'OPEN_API',
        1146.37, 1100.0, 1240.97, 913.2,
        -40.55, -4.39, 6826480,
        513921319431, 1143),
       (73, '2024-06-01', 'OPEN_API',
        1077.47, 1003.88, 1230.23, 997.59,
        2.65, -1.32, 4040627,
        509624800790, 1205),
       (49, '2024-06-02', 'OPEN_API',
        1171.06, 1039.79, 1220.19, 923.19,
        -37.33, 0.18, 16834487,
        517769126249, 1197),
       (49, '2024-06-03', 'OPEN_API',
        1019.0, 1013.31, 1288.5, 947.63,
        -13.01, 0.69, 10586688,
        213581444494, 1041),
       (92, '2024-06-04', 'OPEN_API',
        1083.08, 1119.83, 1258.97, 924.78,
        49.95, -3.46, 1567034,
        156121203196, 1098),
       (94, '2024-06-05', 'OPEN_API',
        1173.43, 1144.7, 1279.15, 978.32,
        -40.21, 3.73, 16752993,
        472823800057, 1081),
       (92, '2024-06-06', 'OPEN_API',
        1017.06, 1135.85, 1260.74, 917.23,
        -14.61, -0.35, 12170967,
        575371619676, 1028),
       (53, '2024-06-07', 'OPEN_API',
        1144.9, 1037.97, 1219.88, 910.09,
        35.47, 1.55, 15811040,
        262342425746, 1049),
       (94, '2024-06-08', 'OPEN_API',
        1172.69, 1179.66, 1213.4, 973.47,
        21.18, -1.58, 12491907,
        214096125875, 1127),
       (62, '2024-06-09', 'OPEN_API',
        1128.25, 1062.37, 1281.85, 943.16,
        27.95, -1.54, 15331399,
        455096777151, 1098),
       (57, '2024-06-10', 'OPEN_API',
        1186.91, 1037.37, 1273.35, 981.59,
        32.37, 4.29, 16969758,
        516273066324, 1238),
       (49, '2024-06-11', 'OPEN_API',
        1137.83, 1039.14, 1260.17, 987.97,
        -27.61, 0.39, 8343772,
        328860955099, 1233),
       (94, '2024-06-12', 'OPEN_API',
        1103.51, 1192.56, 1248.18, 921.21,
        8.69, 4.74, 9952201,
        174417014160, 1140),
       (49, '2024-06-13', 'OPEN_API',
        1056.78, 1030.02, 1224.92, 917.3,
        16.16, -3.08, 8212481,
        375296112065, 1068),
       (62, '2024-06-14', 'OPEN_API',
        1128.15, 1142.08, 1216.21, 952.66,
        -7.37, 1.67, 15728481,
        446458836525, 1140),
       (49, '2024-06-15', 'OPEN_API',
        1008.02, 1057.95, 1261.39, 953.2,
        25.73, -4.93, 11732478,
        286365656305, 1135),
       (49, '2024-06-16', 'OPEN_API',
        1039.56, 1161.36, 1246.82, 964.91,
        -48.61, -3.46, 11690973,
        172865569908, 1271),
       (57, '2024-06-17', 'OPEN_API',
        1010.09, 1110.93, 1273.26, 936.51,
        33.61, -2.57, 15661760,
        563595799392, 1099),
       (73, '2024-06-18', 'OPEN_API',
        1058.59, 1095.77, 1261.38, 993.78,
        19.83, -4.09, 18838417,
        331797082088, 1113),
       (94, '2024-06-19', 'OPEN_API',
        1186.31, 1184.4, 1253.06, 921.27,
        43.72, 4.46, 8787013,
        208351429071, 1167),
       (92, '2024-06-20', 'OPEN_API',
        1190.05, 1060.45, 1296.11, 963.45,
        11.39, -0.55, 16135185,
        237744657263, 1209),
       (73, '2024-06-21', 'OPEN_API',
        1138.99, 1174.28, 1288.68, 946.27,
        3.54, -2.91, 2902170,
        173032879063, 1222),
       (92, '2024-06-22', 'OPEN_API',
        1110.58, 1156.01, 1241.19, 992.68,
        23.44, 0.16, 18360847,
        409013476725, 1022),
       (75, '2024-06-23', 'OPEN_API',
        1142.02, 1005.09, 1223.12, 993.32,
        -33.77, -2.52, 13412142,
        280382330606, 1265),
       (53, '2024-06-24', 'OPEN_API',
        1064.6, 1083.91, 1242.14, 933.62,
        -44.92, -1.31, 9041527,
        401807898716, 1058),
       (49, '2024-06-25', 'OPEN_API',
        1039.69, 1149.85, 1278.74, 902.36,
        -3.51, 0.77, 4414854,
        181335869889, 1083),
       (53, '2024-06-26', 'OPEN_API',
        1151.54, 1103.27, 1288.14, 930.38,
        -39.61, 4.59, 19156991,
        361746178323, 1134),
       (73, '2024-06-27', 'OPEN_API',
        1038.61, 1189.45, 1229.82, 902.45,
        -23.36, -3.18, 19039539,
        371697824531, 1072),
       (49, '2024-06-28', 'OPEN_API',
        1086.32, 1177.52, 1223.75, 942.9,
        -18.99, 0.24, 8744140,
        496485703595, 1007),
       (79, '2024-06-29', 'OPEN_API',
        1008.91, 1148.45, 1296.19, 949.15,
        -5.26, -1.92, 12296511,
        328909908077, 1252),
       (53, '2024-06-30', 'OPEN_API',
        1169.58, 1143.9, 1278.5, 932.52,
        -13.06, 0.41, 7881639,
        525740931303, 1014),
       (80, '2024-07-01', 'OPEN_API',
        1054.59, 1184.78, 1264.41, 908.36,
        46.94, -3.33, 5356870,
        196944064939, 1289),
       (49, '2024-07-02', 'OPEN_API',
        1175.9, 1088.06, 1260.45, 953.45,
        31.78, -2.97, 19584917,
        467925500598, 1049),
       (49, '2024-07-03', 'OPEN_API',
        1186.83, 1023.32, 1262.4, 955.29,
        -1.06, 3.99, 13289816,
        502987063167, 1036),
       (62, '2024-07-04', 'OPEN_API',
        1099.93, 1106.52, 1202.92, 920.52,
        19.37, -4.38, 18136504,
        557275536681, 1114),
       (79, '2024-07-05', 'OPEN_API',
        1102.03, 1158.18, 1250.41, 927.87,
        26.75, 0.65, 15684159,
        414134616028, 1259),
       (49, '2024-07-06', 'OPEN_API',
        1100.64, 1079.37, 1248.28, 973.6,
        0.6, -2.4, 4077057,
        533544676741, 1128),
       (62, '2024-07-07', 'OPEN_API',
        1111.25, 1009.95, 1208.17, 956.3,
        -36.89, 4.76, 2049204,
        391841649566, 1092),
       (92, '2024-07-08', 'OPEN_API',
        1062.72, 1163.07, 1231.05, 915.09,
        44.4, -4.8, 8171216,
        208708077465, 1074),
       (80, '2024-07-09', 'OPEN_API',
        1043.67, 1188.87, 1211.4, 901.91,
        -44.42, -1.32, 16326349,
        132042380002, 1025),
       (94, '2024-07-10', 'OPEN_API',
        1149.63, 1060.19, 1261.23, 977.45,
        33.12, -3.5, 10504183,
        234308334171, 1213),
       (53, '2024-07-11', 'OPEN_API',
        1092.6, 1080.2, 1204.38, 965.4,
        40.89, 3.11, 4443339,
        570338004188, 1274),
       (73, '2024-07-12', 'OPEN_API',
        1185.26, 1057.62, 1267.54, 966.55,
        19.89, -0.65, 14086267,
        569157735071, 1072),
       (57, '2024-07-13', 'OPEN_API',
        1183.04, 1010.67, 1236.79, 946.84,
        -29.42, -4.17, 5101156,
        270011302335, 1104),
       (62, '2024-07-14', 'OPEN_API',
        1053.94, 1078.5, 1200.66, 922.63,
        -5.74, 4.03, 15177778,
        126629863002, 1192),
       (92, '2024-07-15', 'OPEN_API',
        1122.74, 1061.39, 1269.17, 983.39,
        7.58, -1.65, 9233345,
        136227078920, 1027),
       (53, '2024-07-16', 'OPEN_API',
        1076.02, 1193.27, 1252.35, 940.54,
        -1.94, -4.03, 4088698,
        280310918651, 1098),
       (57, '2024-07-17', 'OPEN_API',
        1191.26, 1108.3, 1208.62, 923.18,
        16.04, 2.11, 6268342,
        558819100409, 1233),
       (73, '2024-07-18', 'OPEN_API',
        1019.6, 1028.83, 1230.08, 959.45,
        19.59, -0.43, 6263058,
        301785561975, 1288),
       (94, '2024-07-19', 'OPEN_API',
        1077.4, 1070.42, 1280.52, 938.84,
        32.81, 0.12, 2227006,
        190434435885, 1161),
       (94, '2024-07-20', 'OPEN_API',
        1086.6, 1030.77, 1202.11, 953.55,
        26.81, -1.65, 6748463,
        443954111469, 1060),
       (92, '2024-07-21', 'OPEN_API',
        1142.63, 1028.26, 1215.65, 959.62,
        21.38, -2.41, 16876814,
        293252106105, 1116),
       (49, '2024-07-22', 'OPEN_API',
        1147.08, 1136.63, 1291.71, 984.4,
        -11.19, -2.84, 19638096,
        215672653625, 1055),
       (92, '2024-07-23', 'OPEN_API',
        1023.35, 1107.02, 1239.6, 939.27,
        -45.2, 4.65, 7899336,
        491209244069, 1123),
       (80, '2024-07-24', 'OPEN_API',
        1003.09, 1166.81, 1246.32, 914.06,
        49.18, 3.29, 10291903,
        324722670630, 1078),
       (79, '2024-07-25', 'OPEN_API',
        1145.58, 1042.02, 1222.35, 986.61,
        -31.48, 2.9, 13914943,
        104109476569, 1084),
       (53, '2024-07-26', 'OPEN_API',
        1050.29, 1073.83, 1231.62, 976.52,
        -49.86, -3.46, 7385927,
        175464969918, 1172),
       (80, '2024-07-27', 'OPEN_API',
        1091.01, 1080.8, 1225.68, 965.17,
        32.93, -1.27, 19310122,
        138079340475, 1066),
       (73, '2024-07-28', 'OPEN_API',
        1102.82, 1171.71, 1249.93, 915.44,
        -49.48, 0.43, 1597854,
        205074156596, 1212),
       (49, '2024-07-29', 'OPEN_API',
        1029.17, 1054.88, 1204.27, 906.21,
        29.76, -4.94, 14277354,
        449097297498, 1181),
       (94, '2024-07-30', 'OPEN_API',
        1031.76, 1012.36, 1221.28, 905.39,
        34.28, 3.12, 2871045,
        258400494354, 1037),
       (62, '2024-07-31', 'OPEN_API',
        1026.16, 1135.06, 1202.78, 932.72,
        7.27, -3.16, 12121095,
        514944378306, 1148),
       (92, '2024-08-01', 'OPEN_API',
        1190.84, 1016.69, 1271.41, 932.42,
        -16.82, 1.64, 5365021,
        130771130204, 1045),
       (80, '2024-08-02', 'OPEN_API',
        1149.43, 1116.11, 1272.32, 990.28,
        -43.16, 4.54, 11436034,
        451863426589, 1163),
       (73, '2024-08-03', 'OPEN_API',
        1051.76, 1191.4, 1249.06, 974.32,
        -23.11, 3.34, 13442760,
        192473027138, 1083),
       (49, '2024-08-04', 'OPEN_API',
        1003.31, 1144.79, 1206.58, 980.44,
        41.44, -4.04, 18890243,
        383708424536, 1249),
       (79, '2024-08-05', 'OPEN_API',
        1194.33, 1065.12, 1234.68, 936.6,
        39.98, -3.33, 19912984,
        479083091398, 1289),
       (79, '2024-08-06', 'OPEN_API',
        1123.11, 1011.99, 1234.03, 996.21,
        24.69, -3.59, 16782052,
        576425052239, 1160),
       (94, '2024-08-07', 'OPEN_API',
        1025.41, 1183.14, 1256.1, 980.0,
        3.17, -3.2, 16030749,
        273085582910, 1241),
       (57, '2024-08-08', 'OPEN_API',
        1084.61, 1019.13, 1285.91, 965.01,
        -36.54, -4.83, 4364152,
        338488146514, 1093),
       (94, '2024-08-09', 'OPEN_API',
        1198.11, 1166.88, 1246.27, 972.76,
        -18.33, 2.95, 3258976,
        483795615980, 1291),
       (92, '2024-08-10', 'OPEN_API',
        1060.48, 1109.67, 1210.54, 912.32,
        48.47, -0.27, 2528738,
        312557756464, 1270),
       (57, '2024-08-11', 'OPEN_API',
        1179.4, 1146.12, 1212.53, 950.8,
        21.4, 3.94, 12437866,
        255357386684, 1057),
       (73, '2024-08-12', 'OPEN_API',
        1016.86, 1197.47, 1232.82, 969.17,
        -25.34, -1.31, 2163829,
        265039319123, 1271),
       (49, '2024-08-13', 'OPEN_API',
        1029.66, 1088.91, 1299.94, 935.85,
        -43.27, -1.4, 4073403,
        328338436774, 1150),
       (62, '2024-08-14', 'OPEN_API',
        1000.63, 1153.17, 1260.12, 916.68,
        30.78, -3.96, 8045552,
        475372558930, 1129),
       (57, '2024-08-15', 'OPEN_API',
        1126.61, 1140.61, 1246.25, 969.12,
        22.03, -0.2, 16904943,
        542622453950, 1066),
       (73, '2024-08-16', 'OPEN_API',
        1115.34, 1129.94, 1226.2, 960.98,
        44.25, -0.09, 7638555,
        372959516770, 1282),
       (92, '2024-08-17', 'OPEN_API',
        1067.17, 1021.77, 1294.09, 934.15,
        -37.43, -0.74, 12631307,
        197336825105, 1218),
       (49, '2024-08-18', 'OPEN_API',
        1071.23, 1053.88, 1215.38, 957.58,
        -26.46, -1.71, 7760521,
        393708770720, 1244),
       (75, '2024-08-19', 'OPEN_API',
        1114.13, 1013.78, 1255.64, 966.81,
        -14.47, 4.64, 9877247,
        378600469035, 1179),
       (75, '2024-08-20', 'OPEN_API',
        1139.05, 1136.31, 1234.76, 922.34,
        -12.73, 2.28, 6048541,
        199810018045, 1112),
       (49, '2024-08-21', 'OPEN_API',
        1199.07, 1186.62, 1207.83, 938.74,
        8.69, -0.59, 10614228,
        292278565392, 1133),
       (53, '2024-08-22', 'OPEN_API',
        1113.83, 1004.86, 1211.44, 940.16,
        -20.42, 1.02, 7078279,
        402147206210, 1169),
       (49, '2024-08-23', 'OPEN_API',
        1105.57, 1040.2, 1253.21, 990.24,
        26.32, -1.03, 15183448,
        483025687001, 1295),
       (94, '2024-08-24', 'OPEN_API',
        1080.26, 1100.61, 1257.0, 918.03,
        -24.64, -4.5, 6487502,
        301156532865, 1259),
       (80, '2024-08-25', 'OPEN_API',
        1077.31, 1197.99, 1213.44, 917.13,
        -37.3, 2.94, 19295872,
        531737015663, 1099),
       (49, '2024-08-26', 'OPEN_API',
        1072.96, 1137.74, 1289.36, 970.56,
        -28.63, -0.77, 2023963,
        366266591179, 1229),
       (94, '2024-08-27', 'OPEN_API',
        1130.23, 1065.48, 1285.98, 943.06,
        40.55, 1.51, 8553803,
        136284510045, 1194),
       (62, '2024-08-28', 'OPEN_API',
        1024.92, 1056.09, 1278.79, 917.76,
        12.85, -3.25, 9303939,
        538640657360, 1005),
       (79, '2024-08-29', 'OPEN_API',
        1050.97, 1129.48, 1293.11, 992.26,
        6.66, 2.78, 12698318,
        259719562586, 1279),
       (80, '2024-08-30', 'OPEN_API',
        1028.82, 1019.05, 1244.34, 941.65,
        9.73, -3.91, 13505863,
        223600179194, 1012),
       (73, '2024-08-31', 'OPEN_API',
        1172.75, 1014.89, 1238.76, 995.12,
        23.63, 2.37, 5564722,
        394774671098, 1286),
       (49, '2024-09-01', 'OPEN_API',
        1113.59, 1187.3, 1273.87, 953.32,
        -22.95, -3.9, 9036261,
        192668430270, 1241),
       (80, '2024-09-02', 'OPEN_API',
        1191.37, 1193.84, 1283.06, 916.04,
        -37.31, -1.44, 8348387,
        257393587930, 1252),
       (73, '2024-09-03', 'OPEN_API',
        1119.33, 1154.72, 1226.54, 908.09,
        9.1, 1.27, 12973095,
        562266450785, 1147),
       (53, '2024-09-04', 'OPEN_API',
        1157.19, 1013.71, 1293.68, 986.2,
        -12.03, 2.2, 5922715,
        292775627016, 1030),
       (62, '2024-09-05', 'OPEN_API',
        1187.56, 1142.79, 1240.36, 982.72,
        44.68, -2.47, 5599839,
        591620108650, 1095),
       (75, '2024-09-06', 'OPEN_API',
        1014.06, 1155.19, 1251.21, 962.27,
        17.1, -3.37, 11947533,
        108248998364, 1133),
       (80, '2024-09-07', 'OPEN_API',
        1188.43, 1163.49, 1293.58, 982.33,
        -8.32, 0.97, 7982724,
        299482287539, 1296),
       (79, '2024-09-08', 'OPEN_API',
        1182.66, 1164.78, 1291.59, 927.49,
        16.14, -2.87, 16720875,
        282370823768, 1074),
       (62, '2024-09-09', 'OPEN_API',
        1019.4, 1105.88, 1289.89, 967.94,
        -16.96, -0.45, 9395447,
        275256746984, 1205),
       (75, '2024-09-10', 'OPEN_API',
        1153.54, 1126.17, 1297.15, 970.79,
        -7.23, -3.28, 18178953,
        336780074645, 1206),
       (53, '2024-09-11', 'OPEN_API',
        1046.98, 1012.0, 1293.2, 915.93,
        22.58, 0.03, 1275497,
        147709969726, 1197),
       (57, '2024-09-12', 'OPEN_API',
        1150.44, 1075.37, 1229.97, 959.7,
        -43.25, 2.13, 13410490,
        169142365341, 1015),
       (80, '2024-09-13', 'OPEN_API',
        1006.98, 1069.33, 1277.0, 981.74,
        -8.96, -2.24, 8798554,
        546351278999, 1062),
       (92, '2024-09-14', 'OPEN_API',
        1089.8, 1113.09, 1225.5, 976.65,
        18.73, -0.11, 8833046,
        477986502756, 1214),
       (75, '2024-09-15', 'OPEN_API',
        1003.82, 1174.35, 1202.37, 902.29,
        32.85, -2.73, 2356584,
        577706278152, 1190),
       (94, '2024-09-16', 'OPEN_API',
        1195.1, 1165.75, 1235.9, 973.31,
        17.49, 2.02, 12266726,
        120157742094, 1067),
       (94, '2024-09-17', 'OPEN_API',
        1096.17, 1004.59, 1252.92, 995.6,
        32.88, -3.28, 11702324,
        423754149253, 1004),
       (94, '2024-09-18', 'OPEN_API',
        1040.18, 1041.03, 1277.32, 993.34,
        -33.53, 2.21, 10528915,
        165336687270, 1048),
       (92, '2024-09-19', 'OPEN_API',
        1065.37, 1069.52, 1258.83, 929.44,
        -16.49, 3.23, 12136184,
        434051353926, 1035),
       (75, '2024-09-20', 'OPEN_API',
        1109.62, 1014.97, 1208.88, 979.9,
        -15.2, -3.24, 2341915,
        350922508754, 1208),
       (79, '2024-09-21', 'OPEN_API',
        1049.94, 1034.69, 1291.89, 953.85,
        30.49, -1.03, 12976254,
        207842795112, 1103),
       (62, '2024-09-22', 'OPEN_API',
        1038.06, 1045.35, 1297.45, 930.25,
        43.7, 3.76, 13590596,
        287162995630, 1210),
       (79, '2024-09-23', 'OPEN_API',
        1136.64, 1195.55, 1250.2, 993.91,
        38.22, 3.9, 2000296,
        451664623717, 1180),
       (53, '2024-09-24', 'OPEN_API',
        1131.99, 1128.47, 1282.01, 952.11,
        22.64, 4.23, 2568097,
        126613575009, 1249),
       (94, '2024-09-25', 'OPEN_API',
        1002.8, 1192.69, 1207.77, 951.13,
        -7.09, 0.63, 15964840,
        340134726170, 1232),
       (57, '2024-09-26', 'OPEN_API',
        1165.34, 1120.51, 1291.31, 930.74,
        14.6, 3.3, 14428369,
        246130044300, 1012),
       (49, '2024-09-27', 'OPEN_API',
        1146.73, 1104.65, 1208.09, 925.36,
        42.88, -4.96, 15945581,
        213035533421, 1126),
       (73, '2024-09-28', 'OPEN_API',
        1061.64, 1047.99, 1291.21, 981.43,
        2.46, 2.02, 6022689,
        278083598532, 1089),
       (94, '2024-09-29', 'OPEN_API',
        1141.28, 1120.66, 1217.29, 980.14,
        -29.83, 2.87, 12627306,
        476435641352, 1194),
       (49, '2024-09-30', 'OPEN_API',
        1125.39, 1028.54, 1209.2, 913.5,
        -8.03, -2.87, 10923226,
        261000266518, 1205),
       (57, '2024-10-01', 'OPEN_API',
        1021.67, 1147.41, 1222.1, 982.08,
        -34.58, -1.69, 18436948,
        370487315717, 1092),
       (92, '2024-10-02', 'OPEN_API',
        1163.29, 1184.55, 1260.86, 906.53,
        -11.22, 4.65, 15736973,
        371079302099, 1217),
       (75, '2024-10-03', 'OPEN_API',
        1072.32, 1095.43, 1209.27, 994.21,
        -32.13, 2.92, 6113948,
        405373541923, 1080),
       (80, '2024-10-04', 'OPEN_API',
        1109.24, 1039.28, 1280.61, 925.64,
        -9.83, 1.61, 6367315,
        219122834506, 1285),
       (94, '2024-10-05', 'OPEN_API',
        1049.09, 1117.33, 1262.38, 921.05,
        -40.62, 3.52, 17188719,
        137479524899, 1008),
       (79, '2024-10-06', 'OPEN_API',
        1179.04, 1087.3, 1226.16, 976.27,
        43.79, 3.0, 10560416,
        316731877741, 1148),
       (80, '2024-10-07', 'OPEN_API',
        1019.2, 1158.21, 1241.66, 914.26,
        -32.3, -4.24, 19688414,
        456945904692, 1050),
       (80, '2024-10-08', 'OPEN_API',
        1087.23, 1098.5, 1293.56, 958.34,
        -22.61, 3.27, 5476375,
        118211352828, 1045),
       (73, '2024-10-09', 'OPEN_API',
        1072.87, 1093.36, 1279.07, 984.15,
        23.64, 1.96, 7141414,
        286893331393, 1110),
       (62, '2024-10-10', 'OPEN_API',
        1171.68, 1178.04, 1281.6, 942.12,
        -11.16, 1.69, 15093724,
        315059255387, 1056),
       (75, '2024-10-11', 'OPEN_API',
        1157.27, 1011.95, 1213.5, 971.81,
        27.04, 3.0, 16027727,
        282940586742, 1098),
       (75, '2024-10-12', 'OPEN_API',
        1101.71, 1196.59, 1250.84, 929.28,
        -26.58, 1.6, 11705017,
        164318086048, 1000),
       (79, '2024-10-13', 'OPEN_API',
        1161.09, 1091.25, 1226.36, 954.42,
        38.16, 4.77, 16279277,
        133249758770, 1298),
       (80, '2024-10-14', 'OPEN_API',
        1011.37, 1006.43, 1272.95, 907.25,
        32.93, 0.77, 6763853,
        502212881928, 1243),
       (49, '2024-10-15', 'OPEN_API',
        1103.52, 1035.6, 1290.67, 973.94,
        -49.47, 1.26, 14841837,
        250535305251, 1219),
       (75, '2024-10-16', 'OPEN_API',
        1167.66, 1102.56, 1239.17, 997.45,
        -13.24, 0.64, 5134338,
        152387650120, 1159),
       (94, '2024-10-17', 'OPEN_API',
        1100.61, 1014.12, 1285.81, 917.29,
        20.3, -1.42, 3069289,
        302917855456, 1260),
       (94, '2024-10-18', 'OPEN_API',
        1098.2, 1054.4, 1201.9, 959.3,
        32.04, 4.96, 18633446,
        563429495147, 1032),
       (53, '2024-10-19', 'OPEN_API',
        1139.51, 1020.71, 1249.7, 992.71,
        -31.29, -1.69, 9598433,
        296688374223, 1119),
       (79, '2024-10-20', 'OPEN_API',
        1154.98, 1129.98, 1281.62, 900.48,
        0.07, -4.66, 6114984,
        179788599249, 1158),
       (53, '2024-10-21', 'OPEN_API',
        1056.68, 1005.96, 1283.37, 986.75,
        3.24, -3.52, 10468794,
        258413442114, 1198),
       (73, '2024-10-22', 'OPEN_API',
        1150.69, 1093.6, 1204.32, 947.37,
        9.81, 1.42, 18201713,
        332712538311, 1063),
       (94, '2024-10-23', 'OPEN_API',
        1027.78, 1189.62, 1232.87, 948.65,
        -1.07, 2.15, 14481098,
        595477560720, 1106),
       (57, '2024-10-24', 'OPEN_API',
        1122.78, 1040.43, 1268.37, 956.1,
        -16.45, -3.03, 12172274,
        362274205280, 1138),
       (79, '2024-10-25', 'OPEN_API',
        1183.0, 1084.67, 1290.66, 932.6,
        26.04, -1.01, 4733211,
        563581631625, 1124),
       (57, '2024-10-26', 'OPEN_API',
        1137.02, 1143.12, 1285.81, 973.28,
        -7.48, 2.65, 18164126,
        243393450077, 1018),
       (57, '2024-10-27', 'OPEN_API',
        1126.79, 1011.51, 1290.69, 974.89,
        12.26, -4.82, 14388765,
        352666772229, 1007),
       (53, '2024-10-28', 'OPEN_API',
        1064.4, 1125.12, 1227.29, 950.89,
        -41.0, -3.0, 2651463,
        334969328709, 1287),
       (53, '2024-10-29', 'OPEN_API',
        1043.14, 1097.65, 1249.04, 981.37,
        37.96, -0.5, 2629215,
        229618619367, 1057),
       (80, '2024-10-30', 'OPEN_API',
        1184.44, 1109.92, 1236.47, 922.25,
        36.61, 0.59, 2178200,
        257455425523, 1213),
       (80, '2024-10-31', 'OPEN_API',
        1111.76, 1158.4, 1273.49, 959.9,
        -22.32, -0.96, 18267514,
        147542568067, 1202),
       (94, '2024-11-01', 'OPEN_API',
        1102.33, 1168.12, 1233.8, 941.67,
        -14.26, 1.73, 15634494,
        401418561452, 1227),
       (57, '2024-11-02', 'OPEN_API',
        1038.18, 1016.59, 1213.37, 947.83,
        -23.52, 4.58, 2144512,
        201827677553, 1042),
       (94, '2024-11-03', 'OPEN_API',
        1068.85, 1039.68, 1242.83, 953.37,
        13.05, 1.19, 8304003,
        553009752580, 1021),
       (80, '2024-11-04', 'OPEN_API',
        1062.13, 1049.06, 1212.63, 914.4,
        -44.99, -1.67, 10336362,
        113341614689, 1228),
       (94, '2024-11-05', 'OPEN_API',
        1111.35, 1069.39, 1233.95, 901.99,
        -4.51, -4.82, 4130218,
        132696677949, 1139),
       (53, '2024-11-06', 'OPEN_API',
        1069.83, 1063.85, 1239.62, 999.82,
        -38.24, -2.47, 10390027,
        181915428095, 1139),
       (79, '2024-11-07', 'OPEN_API',
        1108.75, 1108.39, 1282.55, 995.15,
        2.33, -2.08, 17818254,
        495021611484, 1002),
       (57, '2024-11-08', 'OPEN_API',
        1156.84, 1178.9, 1263.68, 996.26,
        -2.68, 4.79, 10440627,
        399123019097, 1236),
       (75, '2024-11-09', 'OPEN_API',
        1182.71, 1043.96, 1223.68, 900.04,
        21.69, -1.42, 4553645,
        362055074673, 1078),
       (53, '2024-11-10', 'OPEN_API',
        1055.42, 1050.2, 1295.69, 902.4,
        -22.11, -0.63, 12995099,
        157579573868, 1002),
       (94, '2024-11-11', 'OPEN_API',
        1137.31, 1179.57, 1247.15, 998.55,
        37.48, -4.72, 9897606,
        101359796597, 1059),
       (94, '2024-11-12', 'OPEN_API',
        1115.88, 1036.56, 1276.39, 969.01,
        -5.97, 1.25, 1690091,
        285111640363, 1113),
       (57, '2024-11-13', 'OPEN_API',
        1141.82, 1010.02, 1208.18, 932.89,
        -8.09, 4.69, 6576905,
        241797060733, 1045),
       (92, '2024-11-14', 'OPEN_API',
        1018.84, 1008.42, 1231.57, 927.63,
        -28.58, -1.41, 19234864,
        309099219822, 1240),
       (73, '2024-11-15', 'OPEN_API',
        1159.42, 1028.7, 1293.01, 963.5,
        0.32, 2.31, 18787944,
        402449202421, 1138),
       (53, '2024-11-16', 'OPEN_API',
        1116.2, 1145.39, 1246.96, 938.03,
        -17.81, 1.97, 12348750,
        181352169159, 1280),
       (49, '2024-11-17', 'OPEN_API',
        1059.56, 1041.51, 1278.65, 935.66,
        -1.75, -2.38, 9774427,
        445011538421, 1013),
       (73, '2024-11-18', 'OPEN_API',
        1015.68, 1014.14, 1244.77, 963.85,
        -1.36, -4.68, 7765934,
        144144663634, 1168),
       (57, '2024-11-19', 'OPEN_API',
        1078.03, 1089.11, 1294.92, 949.65,
        23.71, 4.41, 13876824,
        434346187643, 1131),
       (80, '2024-11-20', 'OPEN_API',
        1121.81, 1157.67, 1280.82, 965.57,
        -35.58, -1.8, 8609923,
        321719961685, 1138),
       (80, '2024-11-21', 'OPEN_API',
        1158.79, 1043.9, 1266.24, 978.5,
        47.62, 1.62, 13876279,
        445359241601, 1012),
       (57, '2024-11-22', 'OPEN_API',
        1057.22, 1093.94, 1276.42, 996.79,
        -8.18, -3.01, 19747890,
        506111802619, 1043),
       (62, '2024-11-23', 'OPEN_API',
        1167.04, 1164.89, 1258.32, 991.01,
        39.03, -0.31, 14551630,
        184869121623, 1051),
       (53, '2024-11-24', 'OPEN_API',
        1136.72, 1029.22, 1269.98, 980.25,
        -5.72, 2.62, 14364869,
        195454626145, 1006),
       (62, '2024-11-25', 'OPEN_API',
        1160.57, 1076.64, 1252.2, 909.02,
        30.94, -0.5, 7051447,
        587296246651, 1101),
       (75, '2024-11-26', 'OPEN_API',
        1058.92, 1093.35, 1272.44, 937.7,
        12.7, -2.15, 7884152,
        173986998459, 1220),
       (57, '2024-11-27', 'OPEN_API',
        1158.41, 1105.15, 1281.32, 982.61,
        26.63, 1.5, 12547098,
        397743247308, 1261),
       (49, '2024-11-28', 'OPEN_API',
        1114.03, 1144.1, 1267.4, 933.47,
        14.72, -1.8, 3404331,
        574225816430, 1116),
       (75, '2024-11-29', 'OPEN_API',
        1090.42, 1013.1, 1292.25, 992.41,
        14.74, 1.02, 5532482,
        229731114045, 1186),
       (57, '2024-11-30', 'OPEN_API',
        1136.55, 1146.6, 1223.47, 950.68,
        -22.48, 0.13, 19536678,
        225407972025, 1211),
       (73, '2024-12-01', 'OPEN_API',
        1035.15, 1075.53, 1237.97, 968.06,
        9.12, 4.76, 2524267,
        551683487909, 1211),
       (53, '2024-12-02', 'OPEN_API',
        1073.82, 1011.93, 1266.44, 918.47,
        24.76, 2.26, 14223803,
        299250741103, 1030),
       (73, '2024-12-03', 'OPEN_API',
        1064.53, 1119.73, 1211.81, 957.76,
        0.4, 3.79, 1650925,
        446430603695, 1234),
       (62, '2024-12-04', 'OPEN_API',
        1086.55, 1141.91, 1257.23, 938.05,
        5.0, 2.57, 17996175,
        581508496732, 1142),
       (73, '2024-12-05', 'OPEN_API',
        1152.58, 1032.83, 1259.99, 937.29,
        -28.2, 3.47, 6599734,
        182695219902, 1008),
       (92, '2024-12-06', 'OPEN_API',
        1141.83, 1123.57, 1295.24, 930.83,
        -11.17, 2.8, 4383025,
        238626795278, 1290),
       (75, '2024-12-07', 'OPEN_API',
        1042.75, 1014.65, 1270.19, 919.37,
        20.2, 1.47, 10849941,
        205782386648, 1089),
       (94, '2024-12-08', 'OPEN_API',
        1158.71, 1080.63, 1258.15, 922.82,
        19.94, -2.6, 8871086,
        430017000523, 1069),
       (62, '2024-12-09', 'OPEN_API',
        1189.58, 1117.77, 1206.87, 936.84,
        24.75, -0.47, 7587483,
        165349636985, 1116),
       (57, '2024-12-10', 'OPEN_API',
        1031.64, 1022.94, 1244.91, 948.2,
        9.64, 0.88, 18182881,
        492045356839, 1235),
       (94, '2024-12-11', 'OPEN_API',
        1136.83, 1038.89, 1272.31, 946.07,
        -25.72, 4.71, 18196630,
        345920305346, 1040),
       (79, '2024-12-12', 'OPEN_API',
        1126.76, 1100.72, 1272.51, 940.07,
        -36.9, 1.47, 12323819,
        221213332423, 1284),
       (62, '2024-12-13', 'OPEN_API',
        1038.69, 1176.2, 1247.65, 936.89,
        -47.01, -1.79, 1856180,
        460696233295, 1020),
       (53, '2024-12-14', 'OPEN_API',
        1045.57, 1184.71, 1244.63, 950.59,
        3.76, -1.77, 1487228,
        448199168304, 1205),
       (92, '2024-12-15', 'OPEN_API',
        1195.81, 1088.55, 1218.96, 947.1,
        47.11, -4.22, 2850051,
        299422898051, 1094),
       (80, '2024-12-16', 'OPEN_API',
        1043.38, 1006.2, 1282.23, 973.46,
        -24.08, -2.78, 1354005,
        190961947992, 1166),
       (57, '2024-12-17', 'OPEN_API',
        1004.7, 1088.38, 1248.51, 936.85,
        12.7, 3.99, 3434502,
        517192164363, 1036),
       (92, '2024-12-18', 'OPEN_API',
        1098.39, 1065.61, 1278.44, 950.85,
        3.1, -2.6, 12845543,
        446952424193, 1296),
       (73, '2024-12-19', 'OPEN_API',
        1120.42, 1158.9, 1256.73, 941.69,
        -4.32, 2.99, 3676530,
        308309899289, 1148),
       (57, '2024-12-20', 'OPEN_API',
        1056.11, 1185.95, 1212.09, 914.02,
        10.03, 3.94, 2871999,
        288494518901, 1197),
       (73, '2024-12-21', 'OPEN_API',
        1065.16, 1095.41, 1239.69, 947.24,
        10.64, 1.56, 4146026,
        111185495772, 1269),
       (94, '2024-12-22', 'OPEN_API',
        1127.72, 1161.17, 1211.49, 995.72,
        -11.74, -1.71, 19282682,
        523920209825, 1152),
       (80, '2024-12-23', 'OPEN_API',
        1171.49, 1066.4, 1204.47, 989.26,
        -20.84, -4.03, 10052934,
        403570679889, 1227),
       (75, '2024-12-24', 'OPEN_API',
        1146.15, 1063.83, 1205.26, 939.67,
        25.76, -4.1, 13708765,
        498038260540, 1066),
       (73, '2024-12-25', 'OPEN_API',
        1057.63, 1186.55, 1282.77, 926.5,
        9.77, -4.11, 1786075,
        579996689728, 1231),
       (62, '2024-12-26', 'OPEN_API',
        1144.43, 1058.2, 1251.09, 963.38,
        -37.37, 2.65, 9803529,
        269569254930, 1238),
       (80, '2024-12-27', 'OPEN_API',
        1192.39, 1068.69, 1238.48, 943.79,
        37.26, -0.05, 16328986,
        554540784820, 1253),
       (75, '2024-12-28', 'OPEN_API',
        1164.04, 1053.39, 1216.52, 901.95,
        -35.38, -1.34, 5244090,
        284908121391, 1020),
       (73, '2024-12-29', 'OPEN_API',
        1121.05, 1039.45, 1274.07, 986.95,
        -46.99, 1.65, 6892135,
        168568462563, 1257),
       (79, '2024-12-30', 'OPEN_API',
        1029.51, 1021.42, 1201.11, 955.04,
        -21.04, 4.18, 13664980,
        135189909414, 1109),
       (80, '2024-01-01', 'OPEN_API',
        1153.51, 1118.87, 1238.63, 920.49,
        28.94, -0.92, 16323961,
        441252715834, 1276),
       (53, '2024-01-02', 'OPEN_API',
        1043.75, 1184.39, 1294.51, 924.24,
        41.43, 4.74, 15166572,
        185633072119, 1258),
       (62, '2024-01-03', 'OPEN_API',
        1126.29, 1076.79, 1261.15, 994.53,
        24.8, 0.05, 19081250,
        313084012587, 1235),
       (57, '2024-01-04', 'OPEN_API',
        1047.47, 1012.68, 1279.66, 955.99,
        -32.19, 0.77, 10239438,
        306037612715, 1130),
       (94, '2024-01-05', 'OPEN_API',
        1178.63, 1036.4, 1243.84, 989.97,
        -4.21, -3.68, 7361596,
        246878445440, 1117),
       (73, '2024-01-06', 'OPEN_API',
        1187.03, 1091.76, 1206.42, 958.11,
        14.1, -4.33, 12200216,
        435453138123, 1271),
       (53, '2024-01-07', 'OPEN_API',
        1182.95, 1080.5, 1249.05, 980.41,
        -20.29, 0.4, 3731701,
        343997686576, 1156),
       (73, '2024-01-08', 'OPEN_API',
        1178.5, 1135.22, 1268.34, 913.53,
        41.16, -4.35, 6245132,
        561300237189, 1193),
       (92, '2024-01-09', 'OPEN_API',
        1139.28, 1133.05, 1258.15, 964.39,
        13.73, 4.78, 19528278,
        213151339481, 1012),
       (94, '2024-01-10', 'OPEN_API',
        1165.93, 1197.7, 1232.24, 905.56,
        43.73, -3.63, 10173594,
        535968211655, 1017),
       (92, '2024-01-11', 'OPEN_API',
        1096.52, 1099.63, 1262.59, 995.87,
        45.7, 2.98, 13117604,
        149724239677, 1157),
       (57, '2024-01-12', 'OPEN_API',
        1054.24, 1166.08, 1272.95, 909.54,
        -23.89, 0.24, 3679046,
        353008158950, 1177),
       (75, '2024-01-13', 'OPEN_API',
        1128.24, 1095.55, 1243.59, 948.08,
        -14.9, 3.23, 11486412,
        154393540857, 1066),
       (73, '2024-01-14', 'OPEN_API',
        1079.28, 1047.21, 1205.36, 908.4,
        -48.69, 2.4, 18264657,
        532761533295, 1192),
       (49, '2024-01-15', 'OPEN_API',
        1038.25, 1177.16, 1220.16, 980.06,
        -37.28, -2.15, 7388110,
        167212812945, 1063),
       (79, '2024-01-16', 'OPEN_API',
        1139.77, 1005.42, 1291.81, 947.42,
        -29.8, -3.29, 10668659,
        385569599664, 1247),
       (62, '2024-01-17', 'OPEN_API',
        1043.94, 1134.36, 1239.76, 909.5,
        -26.28, 3.53, 5817855,
        293282864031, 1091),
       (53, '2024-01-18', 'OPEN_API',
        1076.69, 1061.46, 1291.52, 982.65,
        36.29, 3.83, 3552037,
        255727069197, 1178),
       (73, '2024-01-19', 'OPEN_API',
        1161.73, 1031.5, 1258.11, 967.48,
        33.12, 2.31, 5573832,
        293489919398, 1104),
       (75, '2024-01-20', 'OPEN_API',
        1104.93, 1112.25, 1214.97, 965.5,
        10.84, 4.31, 6220826,
        498521334089, 1123),
       (75, '2024-01-21', 'OPEN_API',
        1176.69, 1122.79, 1265.92, 966.76,
        -29.87, -1.45, 14441516,
        349994878699, 1076),
       (80, '2024-01-22', 'OPEN_API',
        1108.69, 1062.01, 1245.88, 905.75,
        11.7, 1.82, 8002731,
        381695780305, 1203),
       (53, '2024-01-23', 'OPEN_API',
        1100.63, 1117.23, 1280.7, 941.97,
        48.58, -1.36, 14110342,
        581347094035, 1118),
       (75, '2024-01-24', 'OPEN_API',
        1108.83, 1033.04, 1230.86, 919.19,
        15.05, -1.8, 6967269,
        479715894823, 1091),
       (94, '2024-01-25', 'OPEN_API',
        1087.74, 1066.97, 1289.12, 972.69,
        -31.08, 2.05, 1699274,
        456239630206, 1283),
       (73, '2024-01-26', 'OPEN_API',
        1136.26, 1130.89, 1280.09, 909.02,
        49.46, 3.98, 1817510,
        566618596949, 1087),
       (75, '2024-01-27', 'OPEN_API',
        1038.41, 1099.68, 1235.1, 973.08,
        -44.64, 4.86, 16346585,
        191817591217, 1159),
       (73, '2024-01-28', 'OPEN_API',
        1004.46, 1048.24, 1253.35, 996.76,
        -38.63, 2.74, 10242876,
        480107429455, 1164),
       (57, '2024-01-29', 'OPEN_API',
        1133.7, 1071.54, 1247.55, 970.35,
        -18.9, -3.74, 15943314,
        581733009582, 1279),
       (79, '2024-01-30', 'OPEN_API',
        1005.99, 1107.27, 1289.76, 924.34,
        5.62, 1.39, 2213702,
        102086270917, 1113),
       (49, '2024-01-31', 'OPEN_API',
        1142.68, 1111.97, 1263.19, 937.51,
        2.98, 0.34, 8202853,
        292927370207, 1248),
       (75, '2024-02-01', 'OPEN_API',
        1062.67, 1004.24, 1234.68, 944.92,
        -11.87, -1.48, 8487816,
        133712094187, 1143),
       (53, '2024-02-02', 'OPEN_API',
        1037.15, 1062.14, 1284.29, 935.38,
        0.5, 0.9, 18661927,
        561157692292, 1115),
       (94, '2024-02-03', 'OPEN_API',
        1162.49, 1118.68, 1266.19, 952.46,
        33.35, -4.62, 16742350,
        211381047147, 1083),
       (53, '2024-02-04', 'OPEN_API',
        1141.36, 1004.59, 1240.62, 978.85,
        -1.36, -0.43, 18595923,
        580555082183, 1049),
       (73, '2024-02-05', 'OPEN_API',
        1091.95, 1077.7, 1249.18, 956.39,
        12.39, 1.12, 10386048,
        464714848147, 1146),
       (75, '2024-02-06', 'OPEN_API',
        1162.74, 1130.79, 1286.84, 928.07,
        37.49, 2.93, 1967277,
        265951771344, 1126),
       (49, '2024-02-07', 'OPEN_API',
        1041.61, 1115.82, 1203.3, 934.48,
        -36.39, 4.7, 4668136,
        449948080865, 1292),
       (57, '2024-02-08', 'OPEN_API',
        1096.08, 1173.28, 1232.39, 909.31,
        49.04, -3.58, 8178211,
        105283283922, 1240),
       (92, '2024-02-09', 'OPEN_API',
        1025.0, 1022.59, 1262.17, 970.47,
        -21.94, -2.86, 19978894,
        291775409191, 1083),
       (62, '2024-02-10', 'OPEN_API',
        1193.84, 1146.84, 1253.69, 912.63,
        -48.6, -2.61, 2992292,
        171909722785, 1138),
       (73, '2024-02-11', 'OPEN_API',
        1195.83, 1070.89, 1243.47, 933.4,
        -48.41, 2.9, 12341221,
        389868544722, 1050),
       (79, '2024-02-12', 'OPEN_API',
        1106.79, 1016.23, 1210.93, 919.6,
        35.18, 1.59, 19497814,
        438782536428, 1009),
       (80, '2024-02-13', 'OPEN_API',
        1181.55, 1145.51, 1265.06, 958.95,
        -8.59, 1.89, 2927849,
        221166987103, 1027),
       (92, '2024-02-14', 'OPEN_API',
        1099.36, 1128.9, 1256.59, 980.39,
        37.46, 3.47, 6384632,
        469106531619, 1224),
       (73, '2024-02-15', 'OPEN_API',
        1187.37, 1101.64, 1290.74, 908.91,
        46.18, -1.11, 18636272,
        259911962531, 1212),
       (62, '2024-02-16', 'OPEN_API',
        1167.72, 1020.93, 1292.19, 928.01,
        -41.09, 1.28, 10164795,
        327788025929, 1256),
       (80, '2024-02-17', 'OPEN_API',
        1054.38, 1143.87, 1286.67, 916.69,
        41.22, -4.19, 10289443,
        197101833686, 1219),
       (62, '2024-02-18', 'OPEN_API',
        1115.98, 1027.88, 1287.51, 936.31,
        46.23, 4.35, 5196196,
        528978673830, 1296),
       (75, '2024-02-19', 'OPEN_API',
        1153.36, 1063.14, 1272.35, 986.42,
        -36.44, -4.72, 5554597,
        156799274138, 1032),
       (92, '2024-02-20', 'OPEN_API',
        1168.41, 1099.21, 1270.69, 997.22,
        28.18, -0.6, 12279439,
        518674015841, 1181),
       (79, '2024-02-21', 'OPEN_API',
        1120.04, 1170.17, 1215.42, 969.57,
        33.98, -4.51, 16628489,
        489979311091, 1052),
       (75, '2024-02-22', 'OPEN_API',
        1010.2, 1051.82, 1264.98, 903.28,
        8.14, -0.75, 13562899,
        395985999538, 1080),
       (75, '2024-02-23', 'OPEN_API',
        1028.17, 1025.25, 1233.15, 979.99,
        -32.81, 0.2, 17530809,
        598226374594, 1161),
       (80, '2024-02-24', 'OPEN_API',
        1018.43, 1019.63, 1243.18, 946.14,
        -44.05, -0.13, 8009474,
        352884686916, 1282),
       (92, '2024-02-25', 'OPEN_API',
        1167.69, 1105.27, 1259.14, 988.05,
        36.01, 0.24, 11521033,
        146150559669, 1163),
       (94, '2024-02-26', 'OPEN_API',
        1140.07, 1162.63, 1263.78, 959.53,
        -1.24, 4.14, 5834843,
        437765518063, 1249),
       (57, '2024-02-27', 'OPEN_API',
        1196.88, 1018.94, 1288.64, 930.49,
        15.8, -2.59, 9303659,
        405423505156, 1039),
       (92, '2024-02-28', 'OPEN_API',
        1102.63, 1100.28, 1219.48, 997.07,
        -38.22, -3.18, 13751927,
        474560992870, 1134),
       (73, '2024-02-29', 'OPEN_API',
        1161.37, 1127.98, 1273.94, 971.67,
        46.84, -2.49, 16454082,
        332433794439, 1039),
       (94, '2024-03-01', 'OPEN_API',
        1107.56, 1171.44, 1263.56, 936.05,
        0.65, 4.88, 5690591,
        589596035389, 1185),
       (49, '2024-03-02', 'OPEN_API',
        1091.88, 1085.55, 1229.32, 974.84,
        35.33, -2.6, 11264666,
        499519835141, 1274),
       (94, '2024-03-03', 'OPEN_API',
        1075.95, 1118.94, 1284.71, 982.56,
        -6.35, -3.14, 18824049,
        482608056234, 1030),
       (79, '2024-03-04', 'OPEN_API',
        1190.6, 1185.65, 1200.5, 939.79,
        -32.8, 1.16, 10977314,
        164002704556, 1223),
       (80, '2024-03-05', 'OPEN_API',
        1142.15, 1057.53, 1281.44, 918.82,
        43.86, -0.38, 7200200,
        329589157093, 1181),
       (62, '2024-03-06', 'OPEN_API',
        1027.01, 1114.47, 1278.7, 955.93,
        21.5, -1.4, 16310267,
        350508737691, 1114),
       (79, '2024-03-07', 'OPEN_API',
        1115.31, 1059.87, 1255.61, 940.06,
        44.75, 2.05, 15069550,
        400731315214, 1065),
       (80, '2024-03-08', 'OPEN_API',
        1035.79, 1115.82, 1257.26, 941.87,
        -24.95, -2.44, 17027395,
        359784656521, 1060),
       (75, '2024-03-09', 'OPEN_API',
        1194.03, 1075.76, 1284.41, 971.99,
        13.61, -0.43, 13876705,
        242369025797, 1181),
       (80, '2024-03-10', 'OPEN_API',
        1070.98, 1055.51, 1289.73, 936.98,
        47.92, -0.35, 19741447,
        537547206013, 1084),
       (53, '2024-03-11', 'OPEN_API',
        1193.05, 1041.11, 1282.72, 930.74,
        7.43, 0.38, 2596408,
        207971853885, 1170),
       (62, '2024-03-12', 'OPEN_API',
        1079.65, 1196.92, 1244.29, 996.67,
        28.79, -4.16, 4689064,
        592116234897, 1168),
       (53, '2024-03-13', 'OPEN_API',
        1039.8, 1026.42, 1238.3, 922.56,
        4.82, -1.18, 9407804,
        168866572125, 1180),
       (75, '2024-03-14', 'OPEN_API',
        1042.01, 1191.88, 1222.02, 912.1,
        -48.19, -2.38, 8845629,
        551299110688, 1121),
       (80, '2024-03-15', 'OPEN_API',
        1070.3, 1068.36, 1232.24, 944.3,
        -7.5, -1.77, 16735934,
        260759751063, 1000),
       (80, '2024-03-16', 'OPEN_API',
        1146.62, 1197.62, 1243.58, 908.59,
        -14.98, -2.08, 12598476,
        270452844054, 1088),
       (92, '2024-03-17', 'OPEN_API',
        1154.55, 1176.69, 1240.77, 928.53,
        -15.26, 1.31, 10016168,
        403635444739, 1223),
       (94, '2024-03-18', 'OPEN_API',
        1058.33, 1105.0, 1288.89, 968.92,
        -31.8, 3.23, 12282674,
        180302985111, 1031),
       (79, '2024-03-19', 'OPEN_API',
        1048.94, 1179.37, 1213.29, 968.08,
        -1.92, -0.35, 2093956,
        361837443779, 1192),
       (94, '2024-03-20', 'OPEN_API',
        1048.36, 1069.75, 1298.65, 928.64,
        5.06, -0.16, 17773477,
        490395273070, 1040),
       (80, '2024-03-21', 'OPEN_API',
        1165.85, 1180.01, 1267.94, 978.37,
        45.7, -4.01, 2663624,
        172234703476, 1255),
       (49, '2024-03-22', 'OPEN_API',
        1032.25, 1109.01, 1202.98, 981.63,
        41.07, -0.89, 8657635,
        380851488326, 1128),
       (94, '2024-03-23', 'OPEN_API',
        1133.91, 1064.71, 1226.49, 951.58,
        16.62, 1.53, 19777270,
        363811436570, 1082),
       (75, '2024-03-24', 'OPEN_API',
        1020.38, 1191.3, 1295.67, 906.43,
        13.56, 2.47, 5069783,
        491506165928, 1023),
       (92, '2024-03-25', 'OPEN_API',
        1003.14, 1079.35, 1285.57, 931.99,
        6.2, 1.77, 18592555,
        369999548055, 1036),
       (79, '2024-03-26', 'OPEN_API',
        1086.67, 1005.81, 1251.54, 962.4,
        0.72, -0.51, 15400659,
        448969989414, 1220),
       (75, '2024-03-27', 'OPEN_API',
        1152.44, 1000.38, 1298.62, 987.73,
        -33.86, -4.15, 11101612,
        228934416268, 1040),
       (80, '2024-03-28', 'OPEN_API',
        1087.91, 1053.94, 1237.11, 948.54,
        -14.29, 3.89, 3856337,
        196901352671, 1071),
       (73, '2024-03-29', 'OPEN_API',
        1069.48, 1064.74, 1285.1, 992.12,
        37.45, 0.32, 3505649,
        191749035012, 1195),
       (53, '2024-03-30', 'OPEN_API',
        1134.75, 1023.79, 1213.93, 962.18,
        40.65, 2.38, 2551674,
        110708565526, 1001),
       (73, '2024-03-31', 'OPEN_API',
        1155.23, 1178.49, 1259.48, 999.12,
        29.23, -3.23, 7691275,
        151429980808, 1056),
       (62, '2024-04-01', 'OPEN_API',
        1022.54, 1172.54, 1299.93, 916.54,
        -31.5, -3.04, 15902719,
        576903285992, 1029),
       (57, '2024-04-02', 'OPEN_API',
        1087.21, 1125.99, 1243.39, 921.19,
        -0.56, 2.71, 8343192,
        438975581652, 1288),
       (92, '2024-04-03', 'OPEN_API',
        1176.39, 1001.56, 1280.39, 972.17,
        -20.66, -2.85, 15689920,
        406441435405, 1279),
       (73, '2024-04-04', 'OPEN_API',
        1084.15, 1051.83, 1229.63, 958.31,
        -10.17, -1.55, 7488098,
        176166886792, 1195),
       (73, '2024-04-05', 'OPEN_API',
        1174.52, 1027.67, 1218.04, 944.72,
        1.81, -0.19, 4406883,
        140882932634, 1175),
       (92, '2024-04-06', 'OPEN_API',
        1017.73, 1187.12, 1204.75, 910.54,
        -29.39, 1.85, 5489804,
        271226638484, 1138),
       (92, '2024-04-07', 'OPEN_API',
        1035.08, 1157.38, 1276.09, 952.95,
        -24.85, 1.98, 10904993,
        566379388098, 1004),
       (80, '2024-04-08', 'OPEN_API',
        1197.22, 1153.78, 1236.56, 966.61,
        -13.19, 1.36, 17364683,
        464952671031, 1173),
       (53, '2024-04-09', 'OPEN_API',
        1168.11, 1135.46, 1215.42, 973.48,
        -19.12, 4.61, 13200785,
        229434450189, 1132),
       (80, '2024-04-10', 'OPEN_API',
        1060.23, 1122.93, 1275.3, 965.48,
        18.73, 4.68, 9354903,
        337153420700, 1072),
       (73, '2024-04-11', 'OPEN_API',
        1011.3, 1075.24, 1291.8, 960.64,
        40.55, -3.23, 18761913,
        460909875769, 1018),
       (79, '2024-04-12', 'OPEN_API',
        1021.45, 1095.81, 1208.22, 978.5,
        16.65, 2.37, 8128736,
        532413589686, 1136),
       (57, '2024-04-13', 'OPEN_API',
        1133.94, 1035.27, 1263.11, 965.65,
        9.85, 2.73, 12027000,
        224458213918, 1150),
       (75, '2024-04-14', 'OPEN_API',
        1171.87, 1160.47, 1297.67, 919.38,
        40.53, 4.63, 6855153,
        229878437675, 1190),
       (94, '2024-04-15', 'OPEN_API',
        1196.59, 1125.91, 1207.94, 969.08,
        7.73, -1.37, 5564481,
        253965018840, 1169),
       (80, '2024-04-16', 'OPEN_API',
        1085.29, 1064.22, 1246.85, 932.02,
        8.7, 4.89, 7702337,
        482892334158, 1161),
       (75, '2024-04-17', 'OPEN_API',
        1179.76, 1078.47, 1259.59, 939.58,
        11.76, -1.1, 4538890,
        272700189351, 1282),
       (57, '2024-04-18', 'OPEN_API',
        1081.97, 1011.28, 1260.67, 930.23,
        -40.73, -2.13, 2074204,
        257524772560, 1101),
       (94, '2024-04-19', 'OPEN_API',
        1078.9, 1183.45, 1230.55, 980.9,
        22.4, -2.08, 8789465,
        591223838263, 1040),
       (57, '2024-04-20', 'OPEN_API',
        1019.87, 1067.4, 1295.71, 997.06,
        25.23, 1.88, 1728336,
        292668497771, 1079),
       (49, '2024-04-21', 'OPEN_API',
        1053.28, 1060.76, 1234.51, 968.78,
        32.69, 2.0, 17294682,
        398505348742, 1269),
       (80, '2024-04-22', 'OPEN_API',
        1117.41, 1153.45, 1240.52, 977.65,
        16.89, 1.87, 1307713,
        229869461096, 1100),
       (62, '2024-04-23', 'OPEN_API',
        1077.78, 1174.06, 1230.33, 919.12,
        -38.06, -3.11, 13181001,
        304306964939, 1022),
       (73, '2024-04-24', 'OPEN_API',
        1146.51, 1124.01, 1254.06, 982.93,
        41.42, 1.91, 6412194,
        252010182892, 1205),
       (94, '2024-04-25', 'OPEN_API',
        1071.51, 1038.89, 1293.04, 932.76,
        -12.78, 3.68, 6085658,
        305589738293, 1157),
       (53, '2024-04-26', 'OPEN_API',
        1042.86, 1050.98, 1240.03, 950.51,
        -16.08, 0.75, 17340681,
        104928236963, 1197),
       (75, '2024-04-27', 'OPEN_API',
        1184.47, 1133.02, 1213.53, 916.31,
        29.84, 1.2, 17758406,
        520561443198, 1277),
       (73, '2024-04-28', 'OPEN_API',
        1175.7, 1080.32, 1230.21, 960.64,
        38.94, 2.68, 3884398,
        476155871136, 1151),
       (57, '2024-04-29', 'OPEN_API',
        1159.36, 1103.6, 1237.27, 975.36,
        9.55, -2.41, 13160094,
        362827508080, 1060),
       (92, '2024-04-30', 'OPEN_API',
        1037.93, 1161.87, 1207.2, 945.28,
        -17.45, 1.71, 4636113,
        569631503491, 1250),
       (57, '2024-05-01', 'OPEN_API',
        1109.91, 1199.45, 1238.21, 973.24,
        6.34, 3.67, 9677647,
        104810154493, 1223),
       (62, '2024-05-02', 'OPEN_API',
        1089.45, 1111.2, 1216.58, 928.26,
        -28.08, -4.48, 3668721,
        159219882064, 1005),
       (80, '2024-05-03', 'OPEN_API',
        1107.57, 1089.08, 1272.2, 996.2,
        21.91, -0.71, 18489742,
        301872992036, 1235),
       (79, '2024-05-04', 'OPEN_API',
        1004.11, 1151.33, 1238.99, 978.07,
        -15.24, -0.01, 9835284,
        311631378083, 1139),
       (73, '2024-05-05', 'OPEN_API',
        1156.13, 1105.72, 1233.34, 996.34,
        -3.02, -1.4, 5258531,
        398950169275, 1255),
       (53, '2024-05-06', 'OPEN_API',
        1002.58, 1076.96, 1249.14, 939.41,
        12.35, -4.49, 7013661,
        452597704435, 1218),
       (53, '2024-05-07', 'OPEN_API',
        1033.23, 1096.0, 1238.28, 934.3,
        -28.05, -2.13, 3808302,
        258826342708, 1139),
       (92, '2024-05-08', 'OPEN_API',
        1172.86, 1023.31, 1220.8, 982.59,
        0.58, -3.96, 3144702,
        158142694511, 1244),
       (73, '2024-05-09', 'OPEN_API',
        1004.86, 1168.23, 1202.44, 932.53,
        -12.09, -3.57, 4284751,
        207514178521, 1040),
       (53, '2024-05-10', 'OPEN_API',
        1035.44, 1127.47, 1286.9, 916.92,
        -11.74, 0.95, 2199509,
        471802641302, 1233),
       (75, '2024-05-11', 'OPEN_API',
        1001.38, 1177.38, 1238.34, 949.75,
        4.15, 0.9, 4472647,
        129016978497, 1115),
       (80, '2024-05-12', 'OPEN_API',
        1139.56, 1079.76, 1225.93, 961.05,
        27.97, -4.67, 5599260,
        591809434438, 1275),
       (57, '2024-05-13', 'OPEN_API',
        1026.02, 1122.37, 1280.6, 929.28,
        -46.81, 3.72, 11535717,
        555635485295, 1128),
       (53, '2024-05-14', 'OPEN_API',
        1106.39, 1098.94, 1248.94, 900.23,
        -4.18, 0.33, 12839886,
        573537399652, 1135),
       (53, '2024-05-15', 'OPEN_API',
        1176.67, 1084.27, 1272.09, 954.64,
        -32.56, 1.18, 14061305,
        547241431640, 1020),
       (53, '2024-05-16', 'OPEN_API',
        1067.41, 1092.22, 1253.45, 948.1,
        -8.81, 0.37, 14940463,
        424434307416, 1240),
       (92, '2024-05-17', 'OPEN_API',
        1053.42, 1168.03, 1237.24, 962.5,
        -17.77, 3.45, 12008530,
        540347169384, 1054),
       (79, '2024-05-18', 'OPEN_API',
        1171.77, 1115.29, 1233.02, 905.67,
        -45.72, -2.17, 8343316,
        109387172262, 1028),
       (80, '2024-05-19', 'OPEN_API',
        1090.29, 1031.49, 1291.78, 957.14,
        24.42, 0.14, 3519867,
        436097227192, 1020),
       (62, '2024-05-20', 'OPEN_API',
        1101.58, 1132.71, 1285.37, 907.13,
        -2.02, -2.1, 13770905,
        123343458001, 1283),
       (79, '2024-05-21', 'OPEN_API',
        1018.32, 1023.43, 1217.42, 937.89,
        -42.15, -3.84, 17468383,
        126522623326, 1076),
       (80, '2024-05-22', 'OPEN_API',
        1015.44, 1126.86, 1206.61, 981.24,
        28.06, -0.81, 19431473,
        200669589761, 1275),
       (79, '2024-05-23', 'OPEN_API',
        1049.8, 1019.94, 1205.6, 956.0,
        30.81, 3.17, 1343917,
        578063055628, 1239),
       (62, '2024-05-24', 'OPEN_API',
        1113.91, 1181.07, 1288.53, 921.04,
        -40.61, 4.72, 9271713,
        594643056327, 1030),
       (79, '2024-05-25', 'OPEN_API',
        1160.6, 1128.69, 1266.34, 995.65,
        -28.51, -1.94, 14589191,
        459632835242, 1281),
       (62, '2024-05-26', 'OPEN_API',
        1008.84, 1168.92, 1214.75, 935.3,
        -40.13, -2.14, 7035409,
        201971823124, 1180),
       (80, '2024-05-27', 'OPEN_API',
        1046.31, 1193.21, 1258.54, 965.19,
        11.38, 1.88, 14113571,
        397541901698, 1161),
       (73, '2024-05-28', 'OPEN_API',
        1081.38, 1025.16, 1238.8, 959.46,
        8.98, 2.16, 4635369,
        346247321291, 1000),
       (57, '2024-05-29', 'OPEN_API',
        1108.68, 1055.11, 1234.67, 915.5,
        -47.98, 1.13, 11013424,
        239097417937, 1295),
       (80, '2024-05-30', 'OPEN_API',
        1030.95, 1120.34, 1214.17, 999.28,
        46.79, 4.42, 11607305,
        434148478689, 1179),
       (92, '2024-05-31', 'OPEN_API',
        1092.59, 1174.65, 1296.3, 970.73,
        33.72, -1.62, 12016045,
        188201888939, 1180),
       (94, '2024-06-01', 'OPEN_API',
        1152.75, 1031.19, 1234.34, 902.92,
        35.85, 3.33, 3601525,
        438461073167, 1018),
       (80, '2024-06-02', 'OPEN_API',
        1037.06, 1079.97, 1203.53, 982.36,
        -15.49, -3.68, 4552472,
        365029129137, 1007),
       (49, '2024-06-03', 'OPEN_API',
        1053.16, 1017.97, 1280.25, 985.85,
        -34.88, 0.4, 18169752,
        382035575624, 1106),
       (53, '2024-06-04', 'OPEN_API',
        1047.13, 1143.93, 1232.78, 901.33,
        -6.85, 3.77, 3344126,
        348987479522, 1087),
       (57, '2024-06-05', 'OPEN_API',
        1196.01, 1163.65, 1217.42, 925.94,
        -43.77, 4.06, 11706506,
        108670953658, 1023),
       (92, '2024-06-06', 'OPEN_API',
        1158.91, 1048.33, 1257.8, 992.66,
        15.04, 3.45, 7699306,
        138431796081, 1064),
       (57, '2024-06-07', 'OPEN_API',
        1160.89, 1010.5, 1252.93, 960.87,
        -28.0, -2.56, 10404656,
        219898779756, 1230),
       (53, '2024-06-08', 'OPEN_API',
        1000.08, 1052.71, 1282.35, 918.58,
        12.6, 2.83, 7127721,
        251420295482, 1190),
       (75, '2024-06-09', 'OPEN_API',
        1079.0, 1042.99, 1215.14, 981.24,
        -47.39, -2.0, 6180149,
        432044653025, 1072),
       (49, '2024-06-10', 'OPEN_API',
        1107.21, 1105.64, 1241.18, 994.93,
        17.09, 0.29, 4333277,
        371305992502, 1039),
       (49, '2024-06-11', 'OPEN_API',
        1079.75, 1078.41, 1269.21, 951.63,
        -45.32, 3.73, 1590366,
        399635325751, 1295),
       (53, '2024-06-12', 'OPEN_API',
        1082.72, 1177.06, 1298.35, 979.46,
        -49.46, 4.29, 15615292,
        228291619551, 1105),
       (62, '2024-06-13', 'OPEN_API',
        1190.18, 1098.59, 1216.35, 943.21,
        -6.44, -2.44, 2638966,
        533008821554, 1150),
       (53, '2024-06-14', 'OPEN_API',
        1131.65, 1150.59, 1261.27, 965.25,
        -25.48, 3.6, 19578018,
        376665924055, 1211),
       (94, '2024-06-15', 'OPEN_API',
        1107.15, 1018.17, 1277.95, 956.7,
        18.98, 3.52, 8195648,
        342279223477, 1234),
       (73, '2024-06-16', 'OPEN_API',
        1175.9, 1028.07, 1248.21, 979.9,
        48.87, 1.27, 5797735,
        450009305959, 1178),
       (53, '2024-06-17', 'OPEN_API',
        1120.48, 1137.07, 1276.13, 987.0,
        33.58, -0.79, 4733484,
        514452982814, 1134),
       (49, '2024-06-18', 'OPEN_API',
        1132.62, 1131.62, 1202.46, 959.21,
        43.96, -3.23, 11315638,
        412551696596, 1299),
       (53, '2024-06-19', 'OPEN_API',
        1085.37, 1034.65, 1219.74, 911.68,
        26.07, 0.75, 9983911,
        458028991722, 1079),
       (75, '2024-06-20', 'OPEN_API',
        1152.75, 1138.75, 1298.07, 934.07,
        -45.77, 2.72, 17640964,
        233550220970, 1174),
       (62, '2024-06-21', 'OPEN_API',
        1168.96, 1117.74, 1248.91, 932.24,
        16.75, -1.42, 11293719,
        445467230126, 1020),
       (73, '2024-06-22', 'OPEN_API',
        1194.83, 1124.42, 1212.2, 974.95,
        -42.19, -0.37, 8925867,
        328836627069, 1097),
       (49, '2024-06-23', 'OPEN_API',
        1078.81, 1003.78, 1278.46, 927.02,
        -5.95, -4.33, 10772701,
        318451133730, 1014),
       (57, '2024-06-24', 'OPEN_API',
        1084.21, 1084.74, 1291.65, 936.95,
        -9.96, -3.16, 16647041,
        561855486337, 1270),
       (57, '2024-06-25', 'OPEN_API',
        1068.52, 1130.15, 1254.3, 965.34,
        20.39, 3.64, 7254100,
        517442208802, 1244),
       (53, '2024-06-26', 'OPEN_API',
        1032.38, 1162.92, 1216.59, 957.61,
        38.08, 0.0, 6773313,
        528105310849, 1083),
       (53, '2024-06-27', 'OPEN_API',
        1199.95, 1125.38, 1255.08, 916.83,
        33.51, -4.15, 18948053,
        490249740238, 1004),
       (62, '2024-06-28', 'OPEN_API',
        1129.92, 1170.86, 1297.74, 925.21,
        44.21, 2.65, 13382156,
        373961005153, 1108),
       (62, '2024-06-29', 'OPEN_API',
        1189.27, 1134.31, 1209.9, 955.55,
        -45.9, 0.27, 17109535,
        328873150606, 1180),
       (80, '2024-06-30', 'OPEN_API',
        1026.24, 1105.1, 1228.93, 973.69,
        -8.83, 3.02, 15305440,
        520548039585, 1058),
       (53, '2024-07-01', 'OPEN_API',
        1121.12, 1138.6, 1299.08, 957.3,
        -4.36, 4.25, 16207272,
        537324341546, 1136),
       (79, '2024-07-02', 'OPEN_API',
        1076.92, 1062.57, 1224.01, 972.36,
        49.4, 0.87, 19227672,
        187039523944, 1204),
       (62, '2024-07-03', 'OPEN_API',
        1074.37, 1075.86, 1269.69, 964.29,
        -40.69, -3.4, 9742445,
        455714736590, 1064),
       (75, '2024-07-04', 'OPEN_API',
        1045.81, 1124.37, 1226.98, 924.37,
        -25.25, -3.97, 7139284,
        351482383206, 1111),
       (57, '2024-07-05', 'OPEN_API',
        1181.42, 1002.0, 1252.6, 912.05,
        -9.4, -3.88, 4132411,
        316937345333, 1101),
       (94, '2024-07-06', 'OPEN_API',
        1018.51, 1004.99, 1241.98, 994.28,
        14.8, -3.55, 7216036,
        225265431945, 1206),
       (92, '2024-07-07', 'OPEN_API',
        1013.04, 1036.35, 1246.75, 935.96,
        -31.17, -4.1, 15386408,
        362847460523, 1097),
       (73, '2024-07-08', 'OPEN_API',
        1157.69, 1185.51, 1216.22, 954.11,
        -0.29, -1.46, 15881986,
        324643979603, 1074),
       (79, '2024-07-09', 'OPEN_API',
        1127.09, 1062.24, 1220.31, 980.86,
        4.7, -0.27, 4850194,
        590419973128, 1062),
       (80, '2024-07-10', 'OPEN_API',
        1067.92, 1077.25, 1263.55, 917.85,
        -10.46, -1.14, 8561034,
        139882511035, 1131),
       (94, '2024-07-11', 'OPEN_API',
        1061.87, 1081.14, 1284.26, 973.69,
        24.59, 2.62, 14413545,
        234468080973, 1157),
       (49, '2024-07-12', 'OPEN_API',
        1048.94, 1010.01, 1229.61, 947.46,
        46.99, 1.5, 16365488,
        490390368798, 1095),
       (80, '2024-07-13', 'OPEN_API',
        1136.07, 1028.5, 1270.33, 939.37,
        -49.45, 1.3, 13235745,
        369741156851, 1174),
       (49, '2024-07-14', 'OPEN_API',
        1017.67, 1082.65, 1217.97, 939.03,
        19.57, 3.99, 14328850,
        234270361971, 1245),
       (62, '2024-07-15', 'OPEN_API',
        1051.9, 1107.5, 1210.07, 927.99,
        19.25, -3.23, 16960148,
        147805691258, 1066),
       (49, '2024-07-16', 'OPEN_API',
        1038.49, 1049.65, 1230.83, 911.0,
        33.91, -3.08, 15425101,
        558181176785, 1055),
       (79, '2024-07-17', 'OPEN_API',
        1088.14, 1112.58, 1213.95, 901.1,
        -42.22, 2.67, 18486457,
        590258592037, 1213),
       (53, '2024-07-18', 'OPEN_API',
        1169.03, 1031.44, 1227.66, 902.16,
        -8.76, -2.29, 1588658,
        210974840324, 1245),
       (57, '2024-07-19', 'OPEN_API',
        1117.23, 1001.88, 1274.69, 940.94,
        -41.68, 3.04, 19989658,
        272372985883, 1099),
       (75, '2024-07-20', 'OPEN_API',
        1030.47, 1017.03, 1220.32, 996.92,
        -46.76, -2.73, 17610140,
        276140300807, 1034),
       (94, '2024-07-21', 'OPEN_API',
        1185.01, 1017.01, 1218.06, 946.23,
        -9.46, -0.24, 9961668,
        395457282311, 1091),
       (92, '2024-07-22', 'OPEN_API',
        1163.21, 1124.18, 1251.8, 929.71,
        28.29, 0.23, 17521636,
        409588287624, 1278),
       (53, '2024-07-23', 'OPEN_API',
        1119.24, 1189.32, 1265.69, 923.0,
        -33.88, 1.11, 6458590,
        417634271115, 1032),
       (92, '2024-07-24', 'OPEN_API',
        1127.08, 1077.74, 1211.81, 936.3,
        -47.47, 4.23, 13292411,
        493958541367, 1018),
       (53, '2024-07-25', 'OPEN_API',
        1084.25, 1197.03, 1248.43, 902.6,
        -16.23, 4.72, 9241498,
        359673365467, 1065),
       (92, '2024-07-26', 'OPEN_API',
        1059.58, 1185.75, 1237.08, 999.82,
        -13.02, -4.14, 1421575,
        439496054711, 1300),
       (94, '2024-07-27', 'OPEN_API',
        1009.25, 1060.4, 1220.22, 972.27,
        6.63, 1.99, 2180832,
        501120319112, 1165),
       (79, '2024-07-28', 'OPEN_API',
        1134.24, 1149.3, 1250.46, 929.44,
        47.82, -2.13, 1950270,
        419432949249, 1257),
       (62, '2024-07-29', 'OPEN_API',
        1088.73, 1095.82, 1292.75, 943.15,
        17.58, -3.58, 16108530,
        288361547595, 1150),
       (92, '2024-07-30', 'OPEN_API',
        1038.65, 1194.6, 1269.99, 944.95,
        -41.04, 0.86, 2869620,
        248638499309, 1265),
       (62, '2024-07-31', 'OPEN_API',
        1028.73, 1028.49, 1204.44, 957.49,
        -16.6, 3.0, 3902091,
        552886982062, 1216),
       (80, '2024-08-01', 'OPEN_API',
        1110.58, 1085.36, 1220.68, 965.31,
        2.13, 2.89, 18003148,
        422985369526, 1004),
       (73, '2024-08-02', 'OPEN_API',
        1099.26, 1137.05, 1299.14, 915.38,
        40.92, 4.02, 7091642,
        426753876644, 1268),
       (57, '2024-08-03', 'OPEN_API',
        1060.67, 1076.53, 1273.1, 916.94,
        43.71, -3.19, 3800986,
        343764102351, 1172),
       (92, '2024-08-04', 'OPEN_API',
        1125.04, 1172.24, 1292.73, 983.04,
        31.26, -0.66, 6182449,
        564624468848, 1144),
       (49, '2024-08-05', 'OPEN_API',
        1121.5, 1062.82, 1251.57, 963.13,
        38.42, -1.64, 2061103,
        489360763768, 1173),
       (92, '2024-08-06', 'OPEN_API',
        1034.1, 1016.45, 1236.36, 973.76,
        -10.22, 3.08, 1393998,
        272715725588, 1166),
       (62, '2024-08-07', 'OPEN_API',
        1081.08, 1102.71, 1268.9, 949.83,
        -44.42, 3.26, 13097901,
        124628157209, 1150),
       (92, '2024-08-08', 'OPEN_API',
        1173.2, 1008.45, 1203.98, 921.15,
        -5.88, 1.56, 14168995,
        470490002520, 1107),
       (92, '2024-08-09', 'OPEN_API',
        1171.08, 1128.74, 1241.7, 905.98,
        -9.42, 0.39, 11266713,
        579272544568, 1173),
       (53, '2024-08-10', 'OPEN_API',
        1082.11, 1115.72, 1263.33, 931.6,
        -49.27, -4.58, 6840069,
        429805456272, 1280),
       (79, '2024-08-11', 'OPEN_API',
        1181.94, 1159.36, 1286.26, 925.63,
        -9.24, -4.27, 19686044,
        442109339835, 1104),
       (73, '2024-08-12', 'OPEN_API',
        1006.73, 1054.48, 1266.35, 997.68,
        -12.18, -4.58, 3197326,
        218869166890, 1028),
       (79, '2024-08-13', 'OPEN_API',
        1153.77, 1149.45, 1264.03, 978.04,
        -27.42, 3.65, 19383463,
        412408209648, 1155),
       (92, '2024-08-14', 'OPEN_API',
        1048.25, 1001.3, 1218.23, 938.04,
        30.46, -2.34, 9539295,
        183102469339, 1005),
       (62, '2024-08-15', 'OPEN_API',
        1093.82, 1041.14, 1259.71, 913.1,
        8.78, -0.68, 10536328,
        415464324812, 1174),
       (92, '2024-08-16', 'OPEN_API',
        1003.3, 1144.5, 1233.48, 966.26,
        42.36, 0.16, 17846818,
        148290588742, 1162),
       (92, '2024-08-17', 'OPEN_API',
        1073.98, 1117.78, 1249.74, 969.79,
        27.45, -4.42, 5763704,
        140620388950, 1180),
       (79, '2024-08-18', 'OPEN_API',
        1179.61, 1010.3, 1262.31, 990.46,
        -28.38, 4.44, 17355345,
        232891924806, 1189),
       (49, '2024-08-19', 'OPEN_API',
        1002.05, 1125.26, 1256.54, 926.58,
        -0.28, -1.34, 4218732,
        309663824884, 1275),
       (62, '2024-08-20', 'OPEN_API',
        1077.81, 1131.24, 1245.68, 938.64,
        -43.85, -3.28, 10026179,
        108556467042, 1152),
       (57, '2024-08-21', 'OPEN_API',
        1114.17, 1193.84, 1258.05, 915.92,
        -33.23, -4.31, 13585088,
        468591543219, 1081),
       (49, '2024-08-22', 'OPEN_API',
        1161.76, 1187.41, 1202.95, 982.56,
        3.38, -4.41, 10449974,
        462220613691, 1217),
       (53, '2024-08-23', 'OPEN_API',
        1098.66, 1142.86, 1282.31, 990.36,
        45.63, 4.82, 19001511,
        446472581551, 1173),
       (75, '2024-08-24', 'OPEN_API',
        1154.49, 1178.78, 1229.24, 978.67,
        47.14, 0.34, 2125204,
        183438452819, 1037),
       (94, '2024-08-25', 'OPEN_API',
        1196.6, 1143.31, 1279.16, 933.56,
        -8.05, 4.06, 19924828,
        288187547465, 1154),
       (80, '2024-08-26', 'OPEN_API',
        1188.44, 1164.27, 1239.56, 984.25,
        -28.47, 3.57, 1935301,
        139891852097, 1198),
       (79, '2024-08-27', 'OPEN_API',
        1131.14, 1119.76, 1257.13, 924.61,
        29.93, -0.23, 19212776,
        160474281598, 1120),
       (94, '2024-08-28', 'OPEN_API',
        1028.2, 1015.66, 1294.91, 950.14,
        -2.44, 4.98, 12854818,
        541098067424, 1244),
       (62, '2024-08-29', 'OPEN_API',
        1123.86, 1146.03, 1287.09, 924.22,
        34.45, 4.9, 16817489,
        342813446339, 1132),
       (49, '2024-08-30', 'OPEN_API',
        1093.2, 1010.78, 1218.01, 981.78,
        -26.26, 3.25, 19961634,
        476763993793, 1250),
       (73, '2024-08-31', 'OPEN_API',
        1188.07, 1101.46, 1204.31, 938.89,
        -2.61, -4.23, 15324967,
        462630342588, 1111),
       (49, '2024-09-01', 'OPEN_API',
        1031.52, 1025.95, 1233.26, 939.53,
        -14.03, -2.06, 9017584,
        291602917208, 1250),
       (49, '2024-09-02', 'OPEN_API',
        1192.24, 1026.64, 1283.04, 936.02,
        17.94, -1.89, 14931321,
        179799529383, 1286),
       (94, '2024-09-03', 'OPEN_API',
        1124.97, 1182.18, 1277.42, 962.3,
        -18.49, 3.57, 2948436,
        186702494773, 1210),
       (92, '2024-09-04', 'OPEN_API',
        1082.06, 1185.52, 1221.04, 974.51,
        -46.94, 2.46, 14372334,
        416652751997, 1300),
       (73, '2024-09-05', 'OPEN_API',
        1180.85, 1108.99, 1268.18, 911.46,
        -35.21, -0.53, 11151355,
        262533204149, 1241),
       (79, '2024-09-06', 'OPEN_API',
        1075.98, 1180.59, 1230.95, 968.98,
        40.16, 1.19, 6055829,
        509165212697, 1141),
       (75, '2024-09-07', 'OPEN_API',
        1112.53, 1017.5, 1294.84, 968.2,
        -12.88, -1.37, 4423211,
        535875994679, 1113),
       (79, '2024-09-08', 'OPEN_API',
        1123.2, 1179.69, 1257.3, 981.71,
        18.1, -0.95, 5223619,
        153164278996, 1227),
       (49, '2024-09-09', 'OPEN_API',
        1155.66, 1018.87, 1297.93, 990.46,
        -34.25, -2.0, 8144663,
        256885014690, 1041),
       (75, '2024-09-10', 'OPEN_API',
        1089.53, 1127.44, 1213.75, 936.24,
        -45.8, -2.36, 7578542,
        385777826397, 1063),
       (80, '2024-09-11', 'OPEN_API',
        1009.99, 1082.35, 1292.72, 973.27,
        46.65, -4.88, 17754994,
        566292074467, 1157),
       (53, '2024-09-12', 'OPEN_API',
        1153.42, 1029.74, 1283.91, 934.86,
        25.84, -3.86, 14458899,
        545139145524, 1277),
       (73, '2024-09-13', 'OPEN_API',
        1169.49, 1093.26, 1292.48, 933.74,
        9.35, 1.21, 9075621,
        100970457803, 1215),
       (79, '2024-09-14', 'OPEN_API',
        1148.74, 1144.46, 1216.03, 983.22,
        13.9, -0.11, 1763561,
        410446445926, 1045),
       (49, '2024-09-15', 'OPEN_API',
        1086.08, 1068.55, 1269.26, 936.47,
        0.07, -4.05, 17000834,
        306454442103, 1220),
       (75, '2024-09-16', 'OPEN_API',
        1143.39, 1141.6, 1274.81, 997.89,
        -38.57, -4.32, 15993880,
        417600186735, 1085),
       (80, '2024-09-17', 'OPEN_API',
        1104.16, 1166.5, 1298.49, 903.91,
        -1.07, -1.14, 7179974,
        407563799406, 1165),
       (75, '2024-09-18', 'OPEN_API',
        1119.62, 1146.03, 1214.62, 946.99,
        37.23, 4.47, 9633912,
        587838623147, 1157),
       (75, '2024-09-19', 'OPEN_API',
        1161.64, 1113.99, 1264.89, 960.77,
        36.68, -1.77, 5955033,
        231410709262, 1189),
       (53, '2024-09-20', 'OPEN_API',
        1102.51, 1118.12, 1294.97, 996.16,
        35.1, 2.0, 8103251,
        598431214768, 1213),
       (49, '2024-09-21', 'OPEN_API',
        1180.58, 1120.41, 1298.36, 943.01,
        -34.53, 1.87, 6674613,
        447945245102, 1013),
       (94, '2024-09-22', 'OPEN_API',
        1011.19, 1018.31, 1267.83, 942.46,
        1.12, 3.14, 18895137,
        174388383712, 1081),
       (62, '2024-09-23', 'OPEN_API',
        1118.47, 1066.55, 1280.22, 921.9,
        41.44, 4.25, 11877788,
        156538472458, 1262),
       (57, '2024-09-24', 'OPEN_API',
        1082.46, 1035.54, 1205.97, 988.79,
        -38.78, -1.15, 14831434,
        466402255508, 1218),
       (62, '2024-09-25', 'OPEN_API',
        1011.13, 1190.55, 1241.84, 993.7,
        41.05, -1.07, 9847075,
        465758689950, 1262),
       (94, '2024-09-26', 'OPEN_API',
        1086.03, 1170.62, 1257.3, 973.97,
        28.38, 2.28, 18472404,
        365828616968, 1124);

INSERT INTO integration_tasks (id, index_info_id, job_type, worker, job_time, result, target_date)
VALUES (12346, 92, 'INDEX_INFO', '121.171.82.217', CURRENT_TIMESTAMP, 'SUCCESS', '2025-01-03'),
       (44328, 57, 'INDEX_DATA', '1.229.169.180', CURRENT_TIMESTAMP, 'SUCCESS', '2023-01-02');

INSERT INTO auto_sync_config (index_info_id, enabled)
VALUES (92, true),
       (53, true),
       (57, false);

SELECT *
FROM integration_tasks